department,title,author,date,link,custom_id,content
film_arts,[졸업] 2025학년도 2학기 졸업 종합 안내,N/A,2025-12-02,http://ssfilm.ssu.ac.kr/notice/notice_view?NoticeIndex=703,703,"2025학년도 2학기 졸업 종합 안내
25-2학기 졸업예정자를 대상으로 졸업 종합 안내드립니다.
*이번 학기 주요 변경 사항*
0학점재학제도 폐지
학사학위 취득유예제도 신설
제도 변경에 따라 졸업예정자의 졸업확정신고 선택지가 변경됩니다.
동의 – 졸업
거부 – 추가학기(졸업에 필요한 학점 기준 미충족자 or 학점 기준 충족 후 학업 지속 희망자)
학사학위 취득유예(졸업에 필요한 학점 기준, 논문/시험 등 모든 요건 충족자)
수료(졸업에 필요한 학점 기준 충족, 논문/시험 요건 미충족자)(졸업확정신고 없이 수료요건 충족자 자동 수료처리)
*학점 기준 충족+논문/시험 미충족자는 수료 대상자이지만 졸업 제도 변경에 따라 한시적으로 유예 신청이 가능합니다.
세부 내용은 첨부파일을 참고하시기 바랍니다.
감사합니다.
해당 공지사항 바로 가기

[첨부파일: 2025-2학기-졸업-종합-안내학생-공지용.pdf]"
film_arts,[장학] 2025-2학기 성적향상장학금 신청 안내,N/A,2025-12-02,http://ssfilm.ssu.ac.kr/notice/notice_view?NoticeIndex=702,702,"성적향상장학금은 학업성취도가 현저히 향상된 학생에게 학업을 독려하고자 지원하는 장학금입니다. 수업료를 초과하여 지원하는 학업장려비성 장학금이므로, 많은 관심과 신청 바랍니다.
1. 장학금액: 총 50,000,000원(1인당 500,000원씩 총 100명 선발)
가. 학업장려비 지원 목적으로 수업료를 초과하여 지급 가능
나. 졸업 시까지
1
회에 한하여 수혜 가능
→
기존 수혜 이력이 있는 자는 선발 불가
2. 지원목적: 재학생(학사경고자 포함)의 학업성취도 평가 장학금을 지원하고, 동기부여 제공
3. 자격요건
가. 2025학년도 2학기 국가장학금 신청 여부와 무관하게 신청 가능
나. 2025학년도 2학기 현재 기준 재학생으로 등록금 납부를 완료한 자
※ 장학금 지급일 기준 휴학, 제적, 자퇴, 등록대체자 제외
다. 정규등록 8학기 이내인 자(건축학부 건축학전공: 정규등록 10학기 이내인 자)
라. 2025
학년도
2
학기 기준
15학점 이상, 평점평균 2.5 이상 취득한 자
※
계절학기 제외 정규학기
F
학점 포함 학적부성적 기준
※
2025
학년도
2
학기 성적확정일인
2026.01.08(
목
)
까지 인정된 학점 및 성적까지만 산정
하여 성적향상장학금 선발 예정이며
,
이후 인정된 학점
(K-MOOC,
학점교류 학점 등
)
은
성적향상장학금의 기준 학점 및 평점평균에 반영하지 않으니 유의
마. 2개 학기(2025년 1학기~2025년 2학기) 모두 연속 재학하고, 학업성적을 부여받은 자
※
2
개 학기 중
1
개 학기 이상 교환학생
,
해외봉사 등 모두
P/F
로 평가
,
평점평균이 없는
경우 선발 불가
바. 직전 학기 학사경고자 중 아래 학사경고자 대상 프로그램에 2개 학기(2025년 1학기~2025년 2학기) 내 참여한 자는 선발 시 우대
1) 교수학습혁신팀: 학습법 워크샵, 1:1 학습코칭
2) 상담센터: 심리검사 및 상담
4. 신청방법 및 기간
가. u-SAINT 로그인 → 등록/장학 → 교내장학금 신청 → “성적향상장학금” 신청(별도 제
출 서류 없음)
나. 2026
년
1
월
2
일
(
금
) 10:00 ~ 9
일
(
금
) 17:00
(신청 시작 및 종료일 제외하고 기간 내 24
시간, 주말 포함 신청 가능)
5. 선발기준
가. 직전학기 취득평점을 4구간으로 구분하여, 구간별 지원자 내 경쟁
나. 선발순위
1) 1순위: 직전학기(2025-1) 대비 당해 학기(2025-2) 평점평균 차이가 높은 자
2) 2순위: 직전학기(2025-1) 대비 당해 학기(2025-2) 산술평균 차이가 높은 자
3) 3순위 : 당해 학기(2025-2) 이수학점이 높은 자
6. 선발일정
가. 결과발표: 2026.01.19.(월) 예정(홈페이지 공지사항 및 u-SAINT 장학금 수혜내역 조회)
나. 장학금 지급: 1월 말 예정
※ 2025학년도 성적향상장학금은 총학생회 특별장학금의 예산으로 운영됩니다.
2025. 12.
학 생 처 장
해당 공지사항 바로 가기"
film_arts,[장학] 2026-1학기 한국장학재단 주거안정장학금 1차 신청 안내,N/A,2025-12-02,http://ssfilm.ssu.ac.kr/notice/notice_view?NoticeIndex=701,701,"2025학년도 2학기 한국장학재단 주거안정장학금 신청과 관련하여 다음과 같이 안내합니다.
1. 신청대상(아래 모든 요건을 모두 충족)
가. 2026학년도 1학기 재학생(신·편입생 포함) 및 복학(예정)생
나. 만 39세 이하 미혼, 기초·차상위계층
다.
부모 주소지
가 통학이 어려운 원거리 지역에 해당
※
원거리 미인정 지역: 서울특별시, 인청광역시 및 경기도(단, 인천광역시 행정구역 중 옹진군 전체, 강화군 교동면, 삼산면 및 서도면은 제외)
※ 상세 범위는 한국장학재단 누리집(
www.kosaf.go.kr)
참고
2. 신청기간: 2025.11.20.(목) 9:00~12.26.(금) 18:00까지
※ 선발결과 공개일: 2026년 4월(예정)
※ 국가장학금 신청기간과 동일하게 학기당 2회 신청받으며, 학적(신입생, 재학생) 구분없이 1, 2차 모두 신청 가능
3. 서류 제출 및 가구원 동의 기간: 2025.11.20.(목) 9:00~2026.01.02.(금) 18:00까지
※ 신청자 본인이 기초·차상위자격을 보유한 경우에도, 가구원 동의를 반드시 진행해야 함
4. 신청방법: 한국장학재단 누리집(
www.kosaf.go.kr)
및 모바일 앱에서 신청
5. 지원내용: 월 최대 20만원, 연간 최대 240만원
6. 이수학점 및 성적 기준
– 이수학점: 직전학기 12학점 이상
– 산술평균 70점 이상
※ F학점이 포함된 학적부 성적 기준
※ 졸업학기의 경우, 직전학기 이수학점 기준 미적용
※ 신·편입생, 재입학생: 첫 학기에 한하여 성적 및 이수학점 기준 미적용
※ 직전학기 성적이 모두 P/F인 경우, 산출 가능한 가장 최근학기 성적 적용
7. 우선지원 및 지원제외 대상
가. 우선지원 대상: 기초생활수급자 > 차상위계층 > 직전학기 산술평균 상위자 > 저학년
나. 지급제외 대상
1) 계절학기 수강 중 중도 취소 환불자
2) 학적변동(휴학, 자퇴, 졸업 등)
※ 학적변동 이후 주거안정장학금은 지급 불가하되, 학적변동일이 속한 당월까지의 주거 비용은 지급 가능.
단
, 3
월 및
9
월은 수업료 전액 반환기간에 학적변동
(
휴학
,
자퇴
)
이 있는 경우 지급 불가
8. 장학금 지급 및 관리 기준
가. 지급 대상: 한국장학재단 홈페이지를 통해 “공공재정환수법 준수 등 장학생 서약서” 및 “주거안정장학금 지급 요청서(월별)” 를 제출한 장학생
나. 주거안정장학금 지급 요청서 작성 기한 및 지급 일정
다. 지급 요청서 작성 기한 초과 시 지급 불가
9. 지원범위
(임차비용) 주거시설 임차를 위해 지출하는 비용
– 임차료: 당월 지출액 (※ 청구 대상 월과 무관하게 지출일이 속한 월의 비용만 인정)
* 주택, 기숙사, 고시원 등 유형을 불문하고 거주를 목적으로 지급하는 사용료 모두 해당
* 단, 기숙사 등 선납하는 경우 ‘임차료 선급금’으로 입력 시, 과거 지출분 인정
– 임차보증금: 보증금의 4%를 월 환산하여 당월분 (보증금×0.04÷12)
* (산정 예시) 보증금 1천만원인 경우, 1천만원×4%÷12개월=33,333원 인정
(이자비용) 주거시설 임차‧저당에 따라 지출하는 이자비용(원금 제외)
– 주택 임차‧저당 차입금 또는 월세 대출 이자상환액: 당월 이자상환액
* 단, 전월세보증금대출 이자상환액은 임차보증금 월환산차임과 중복지원 불가
※ 보증금에 본인부담금, 대출금이 섞여 있는 경우, ①보증금 전액 입력(단, 보증금대출 이자비용 청구불가) 또는 ②보증금 본인부담금 입력+대출 이자비용 청구 중 택1
(수선유지비) 주거의 유지 및 수선을 위해 지출하는 비용
– 수선재료 구입비: 당월 지출한 수선재료 구입 비용
* 벽지, 장판, 변기, 욕조, 전선, 수도관, 가스배관, 창문, 방충망, 방범창 등
– 설비‧수리 서비스 이용료: 당월 설비‧수리 서비스에 지불한 비용
* 전기‧가스‧방수‧도배공사 등 공사비 및 보일러‧에어컨 설치비 등(단, 제품 구입비 불가)
(수도광열비) 상‧하수도, 냉난방 및 취사 등에 필요한 물‧연료 비용
– 물 공급비용: 상하수도, 공동수도, 급탕비 * 등으로 당월 지출한 비용
* 공동주택에서 온수 공급대가로 지불한 비용 (중앙 및 지역난방의 급탕비)
– 연료비: 전기‧도시가스‧LPG‧등유‧연탄‧경유 등에 당월 지출한 비용
(공동주택관리비) 아파트 등의 공동주택 관리비로 당월 지출한 비용
* 단, 관리비를 선납하는 경우 ‘관리비 선급금’으로 입력 시, 과거 지출분 인정
※ 지출 항목별 소명 서류 기준
** 지급 요청서에 기재된 내용에 관하여 확인이 필요하다고 판단되는 경우, 학생에게 소명을 요청할 수 있으며, 이에 응하지 아니하거나 소명 결과가 지원범위 내 지출로 인정할 수 없는 경우 지급 불가 **
10. 관련문의: 한국장학재단 상담센터 1599-2000
붙임 2026학년도 1학기 주거안정장학금 신청 매뉴얼 각 1부. 끝.
해당 공지사항 바로 가기

[첨부파일: 주거안정장학금-장학생-통합신청-매뉴얼.zip]"
film_arts,[장학] 2026-1학기 학자금대출 사전신청 안내,N/A,2025-12-02,http://ssfilm.ssu.ac.kr/notice/notice_view?NoticeIndex=700,700,"2026학년도 1학기 학자금대출 사전신청 관련하여 다음과 같이 안내해 드립니다.
1. 사전신청 일정: 2025.11.20.(목) 9:00~본신청 전까지
※ 국가장학금 1차 신청이 마감[2025.12.26.(금) 18:00]되어도 학자금대출은 계속 사전신청 가능합니다.
2. 사전신청 방법
가. 홈페이지
1) 한국장학재단 홈페이지 로그인
2) 학자금대출 > 학자금대출 신청 > [통합신청 바로가기] 버튼 클릭하여 신청
3) 학자금대출 > 학자금대출 신청 > 사전신청현황 에서 사전신청 완료 확인
나. 모바일
1) 한국장학재단 모바일 어플 로그인
2) 학자금대출 > 대출신청(통합신청)에서 신청
3) 통합신청 마지막 화면에서 [신청현황 보러가기] 클릭하여 사전신청 완료 확인
※ 학자금 지원구간 산정에는 약 8주가 소요되므로,
취업 후 상환 학자금대출(생활비) 희망자는 사전에 학자금대출을 신청하시기를 권장드립니다.
※ 대출심사는 본 신청기간부터 진행됩니다.(추후 본 신청 및 실행일정 재공지 예정)
3. 문의: 한국장학재단 상담센터 1599-2000. 끝.
해당 공지사항 바로 가기"
film_arts,[학교 공지] 2025학년도 2학기 학부생 및 대학원생 대상 폭력예방교육 실시 안내,N/A,2025-12-02,http://ssfilm.ssu.ac.kr/notice/notice_view?NoticeIndex=699,699,"2025학년도 2학기 본교 학부 및 대학원 재학생 대상 폭력예방교육을 다음과 같이 실시합니다.
해당 교육은 법정 의무 교육으로 미이수 시 성적조회가 제한되오니 기한 내 이수를 부탁드립니다.
1. 관련 법령
– 양성평등기본법 제31조
– 성폭력방지 및 피해자보호 등에 관한 법률 제5조
-가정폭력방지 및 피해자보호 등에 관한 법률 제4조의3
2. 대상: 2025학년도 2학기 학부/대학원 재학생(1학기 이수자는 재이수 불필요)
3. 교육명: 2025년 학부/대학원생을 위한 폭력예방교육
4. 이수기간: 10월1일(수) ~ 12월31일(수)
(단, 성적조회를 위해서는 기말고사 기간 전 수강 필요)
5. 이수방법
유세인트 접속→LMS마이페이지(Learning)→2025년 학부/대학원생을 위한 폭력예방교육→’과목 홈 바로가기’
→
주차학습→언어별 강의 선택(한국어, 중국어, 영어 중 택1)
6. 유의사항
가. 차수와 상관없이 ‘1개 언어, 하나의 강의’만 100% 수강하면 이수
나. 이수기간 내 시청한 내용만 학습기록으로 인정됨
7. 미이수 시 성적조회 제한: 교육 이수 다음날 오후부터 성적조회가 가능(토, 일요일 제외)
8. 문의: 인권센터 인권팀 02-820-0842 / humanrights@ssu.ac.kr
해당 페
﻿
이지 바로 가기"
film_arts,[졸업] 2025학년도 2학기 졸업예정자 대상 다전공 포기/이수구분 변경/졸업확정신고 안내 (2차),N/A,2025-12-02,http://ssfilm.ssu.ac.kr/notice/notice_view?NoticeIndex=698,698,"해당 페
﻿
이지 바로 가기

[첨부파일: 2025-2학기-졸업예정자-다전공-포기_이수구분-변경_졸업확정-신청-안내2차 (1).pdf]"
film_arts,[학교 공지] 2025학년도 2학기 학부 재학생 기말 강의평가 실시 안내[2025. 11. 24.(월) ~ 12. 5.(금)],N/A,2025-12-02,http://ssfilm.ssu.ac.kr/notice/notice_view?NoticeIndex=697,697,"2025학년도 2학기
학부 기말 강의평가
를 다음과 같이 실시하니 재학생 여러분의 많은 관심과 적극적인 참여를 부탁드립니다.
기말 강의평가는 이번 학기에 수강한 수업에 대한 학생 의견을 반영
하여
우리 대학 수업의 질을 높이고 더 나은 학습 환경을 만들기 위해
실시됩니다.
학부 재학생 여러분의 소중한 의견이 전달될 수 있도록 기간 내에 꼭 실시
하여 주시기 바랍니다.
<유의 사항>
강의평가는 성실하고 공정하게 답변하여 주시기 바랍니다.
서술형 문항 작성 시 수업 개선과 관련 없는 비방이나 욕설, 인격 모독적 표현은 삼가주시고
수업 내용, 강의 방식, 학습 환경 등 강의 개선에 도움이 될 수 있는 내용을 중심으로 작성해 주시기 바랍니다.
2025년 11월 24일
숭실대학교 대학교육혁신원장
해당 페
﻿
이지 바로 가기"
film_arts,[학사] 2025학년도 2학기 다전공(신청/변경/포기) 신청 기간 안내(2차),N/A,2025-12-02,http://ssfilm.ssu.ac.kr/notice/notice_view?NoticeIndex=696,696,"해당 페
﻿
이지 바로 가기

[첨부파일: 2025-2학기-다전공신청_변경_포기-신청기간-안내2차.pdf]"
film_arts,[학사] 2025-2학기(겨울계절제 수업 포함) 성적처리 안내,N/A,2025-12-02,http://ssfilm.ssu.ac.kr/notice/notice_view?NoticeIndex=695,695,"해당 페
﻿
이지 바로 가기"
film_arts,[장학] ★★★ 2026학년도 1학기 한국장학재단 국가장학금 1차 신청 안내 ★★★,,2025-11-25,http://ssfilm.ssu.ac.kr/notice/notice_view?NoticeIndex=694,694,"2026학년도 1학기 한국장학재단 국가장학금 1차 신청과 관련하여 다음과 같이 안내합니다.
※ 국가장학금 신청 여부에 따라 교·내외 장학금 수혜가 어려울 수 있으니 소득구간과 관계없이
반드시 신청해 주시기 바랍니다.
※ 재학생은 1차 신청이 원칙입니다.
1. 신청기간: 2025.11.20.(목) 9:00~2025.12.26.(금) 18:00까지
※ 주말 및 공휴일 포함 신청기간 내 24시간 신청 가능합니다. (단, 신청 마감일은 18시 종료)
※ 1차 신청기간에 신청하지 않을 경우, 국가 및 교내장학금은 학기말에 지급될 수 있습니다.
2. 서류 제출 및 가구원 동의 기간: 2025.11.20.(목) 9:00~2026.01.02.(금) 18:00까지
※ 서류제출 및 가구원 동의 대상자는 반드시 이를 이행해야 장학금 신청이 완료됩니다.
3. 신청대상: 대한민국 국적 학부생
※ 신입생(고3, 재수생 등 입학예정자), 재학생, 편입생, 재입학생, 복학생 및 휴학생 등 모든 학적 신청가능
※ 재학생은 1차 신청이 원칙이며, 재학 중 2회에 한해 2차 신청으로 수혜 가능
(단, 구제신청 2회 기사용 또는 기타 탈락사유 존재 시 지원 불가)
※ 신·편입학 첫학기만 학적구분 ‘학부 신·편입생’으로 신청, 두번째 학기부터는 ‘학부 재학생’으로 신청
※ 신입생은 학생 본인 및 가구원(부모 혹은 배우자)의 전자서명수단(①공동인증서 ②금융인증서 ③간편인증) 중 한가지를 반드시 준비
※ 반드시 사전에 본인 및 부모님 전자서명수단 준비
※ 국가장학금 최대 수혜횟수 범위 내에서 지급가능
※ 국가장학금 미신청자는 교내장학금 및 재난장학금 지원이 불가하므로 반드시 신청
4. 신청방법: 한국장학재단 누리집(www.kosaf.go.kr)
및 모바일 앱에서 신청
※ 반드시 학생 본인이 직접 신청
5. 신청문의: 한국장학재단 상담센터 1599-2000
6. 기타 안내사항
■ 국가장학금 지원 단가 인상(2025-2학기부터)
■ 이수학점 및 성적 기준
– 이수학점: 직전학기 12학점 이상(※ 졸업학기의 경우, 직전학기 이수학점 기준 미적용)
– 산술평균 80점 이상
※ 기초생활수급자/차상위계층, 장애학생 등 예외적용 대상자는 한국장학재단 업무처리기준에 따름
※ 신입생/편입생: 직전학기 성적기준 미적용
※ 직전학기 성적이 모두 P/F인 경우, 산출 가능한 가장 최근학기 성적 적용
■ 국가장학금 Ⅰ유형 신청 결과 확인 된 소득분위 자료는 교내 비전장학금 심사에 활용됩니다.
– 비전장학금: 국가장학금과 연계하여 본교에서 지급하는 교내장학금
(※  일부 학자금지원구간에 대하여 구간별 차등지급 예정, 국가장학금 미신청 시 선발불가)
– 국가장학금 미신청 시, 타 교내장학금 선발 제한될 수 있음
■ 국가장학금 지급 이후 휴학 등으로 재학하지 않는 경우, 장학금이 취소됩니다.
– 전액 환수 시 국가장학금 수혜 횟수에 포함되지 않음
– 복학 시, 국가장학금 및 교내장학금을 다시 신청해야 함
■ 학적 상태가 휴학/재학 여부와 무관하게 국가장학금 신청이 가능합니다.
– 2025학년도 2학기 휴학상태여도 2026학년도 1학기 복학예정이라면 반드시 1차 신청
■ 등록금 분할납부 신청 시 등록금 완납 후 국가장학금이 지급됩니다.
■ 중복지원
– 관련 근거 및 세부사항 한국장학재단 홈페이지 참조
– 학자금 대출 + 장학금 총액이 등록금(수업료)을 초과하는 경우 ‘중복지원’에 해당됨
(※ 근로장학금, 포상장학금, 교육지원장학금 등 등록금 지원 목적이 아닌 학업장려비 성격 장학금은 제외)
– 중복지원 일 경우 한국장학재단 국가장학금 및 학자금대출 이용 불가
– 학자금 대출을 상환하거나 장학금을 반환해야 중복지원 해소 가능
■ 여러 장학금을 동시에 받는 경우, 외부장학금과 국가장학금이 우선 적용됩니다.
– 우선순위: ①교외(외부)장학금 ②국가장학금 ③교내장학금
해당 페
﻿
이지 바로 가기

[첨부파일: 2026년-1학기-국가장학금-1차 - 신청매뉴얼홈페이지, 모바일.pdf]"
film_arts,[SSFilm 공지] 영화예술전공(SSFilm) 2025-2학기 크리틱 수업 영화 촬영 주간,,2025-11-11,http://ssfilm.ssu.ac.kr/notice/notice_view?NoticeIndex=693,693,"- 크리틱2(2학년
)
: 6작품, 2025.11.08.(토) ~ 14.(금)
- 크리틱4(3학년)
: 4작품, 2025.11.17.(월) ~ 23.(일)"
film_arts,"[장학] ★ 2025학년도 2학기 특별장학금(주거비, 교통비, 근면숭실, 공인어학시험, 특별성적우수(12.5%), 가계곤란) 신청 안내",,2025-11-03,http://ssfilm.ssu.ac.kr/notice/notice_view?NoticeIndex=692,692,"2025학년도 2학기 특별장학금을 시행하니, 학부생들의 많은 관심 및 신청 바랍니다. 자세한 사항은 붙임을 확인하여 주시기 바랍니다.
- 신청 기간
: 2025년 11월 3일 월요일 09:00 ~ 2025년 11월 16일 일요일 17:00
- 서류 제출 : 2025학년도 2학기 총학생회 특별장학금 신청 구글폼 (링크 :
https://forms.gle/zY4FkXkzztX8Yx4y8
) 으로 제출
﻿
해당 페이지 바로가기

[첨부파일: 2025학년도-2학기-특별장학금-세부사항-및-양식.zip]"
film_arts,[학사] 2025학년도 휴학생 겨울계절제 수강신청 안내,,2025-10-28,http://ssfilm.ssu.ac.kr/notice/notice_view?NoticeIndex=691,691,"※ 1학기 미만, 8학기 이상 이수자는 해당되지 않음
해당 페이지 바로 가기"
film_arts,[학사] 2025학년도 겨울계절제 수업 일정 안내,,2025-10-28,http://ssfilm.ssu.ac.kr/notice/notice_view?NoticeIndex=690,690,"해당 페
﻿
이지 바로 가기"
film_arts,"[학사] 2026학년도 1학기 복학, 휴학, 유급 신청 안내",,2025-10-28,http://ssfilm.ssu.ac.kr/notice/notice_view?NoticeIndex=689,689,해당 페이지 바로 가기
film_arts,[NEWS] [씨네21] 질투는 나의 힘 - 제21회 미장셴단편영화제 (★<엉겅퀴 사랑> 포함),,2025-10-28,http://ssfilm.ssu.ac.kr/notice/notice_view?NoticeIndex=688,688,"로맨스, 멜로
사랑과 이별을 비롯해 인간관계 속에서 마주하는 감정의 균열과 진동을 섬세하게 포착한다. 단순한 로맨스나 멜로드라마의 경계를 넘어 사랑을 둘러싼 욕망과 불안, 질투와 열망, 상처와 회복 등 다양한 감정선을 각기 다른 시선으로 탐색한 작품을 모색한다. 단편영화만의 작고 날카로운 시선을 통해 우리 안의 복잡한 감정들을 비춰보고 깊이 있게 들여다보는 창이 되고자 한다.
Q1. 영화를 연출하기로 결심한 계기는 무엇입니까.
Q2. 좋아하는 영화 혹은 만들고자 하는 영화는 어떤 결입니까.
<서울 사랑 정도> Capital Love
이종우, 신정우, 박지훈 LEE Jong Woo, SHIN Jeong Woo, PARK Ji Hoon | 2025 Fiction | Color+B&W | 22min(E) | 12
10/17(금) 14:30 CGV용산아이파크몰 5관 GV
10/19(일) 18:00 CGV용산아이파크몰 6관
수도 서울을 기념하려 남산 아래 타임캡슐이 매설되던 94년 여름. 이문동 옥탑에서 동거하던 연인 솔과 현. 느닷없이 이별을 고하는 솔에게, 현은 둘의 반지를 타임캡슐에 넣어 사랑을 영원하게 만들 거라 한다. 현은 솔의 이별 통보가 믿기지 않고, 솔은 현의 말을 믿지 않는다. 그리고 2024년, 타임캡슐 공원의 안내원과 골동품 가게 직원이 만난다. 두 사람은 솔, 현과 참 닮았다. 여자는 오래전 쓰여진 편지의 내용을 확인하러 타임캡슐을 찾아왔다고 한다. 두 사람이 공원을 거니는 동안, 남자는 마음이 동해 여자에게 반지를 건넨다.
이종우 감독
1. 초등학교 시절, 그리는 게 좋아서 만화책을 만들고 부르는 게 좋아서 판소리도 배워보다가 집 안에 굴러다니던 파나소닉 DV캠코더를 발견한 뒤로 찍는 게 좋아졌다. 무거운 카메라를 분신처럼 둘러메고 동네를 누비며 눈앞의 것들을 마구마구 수집할 때면 거의 모든 게 가능한 것처럼 느껴졌다. 중학생 시절, <살인의 추억>을 보고 영화감독이라는 추상적인 꿈을 품었고, 고등학생 땐 친구들과 영화를 공부하면서 꿈은 점점 구체적인 무언가로 변해갔다.
2. 평범한 인물이 순간의 실수로 거대하거나 이상한 사건에 휘말리는 영화를 좋아한다. 보편적 상황들로 환상적인 장면을 꾸리는 이야기. 어디선가 마주했을 법한 보통의 존재들이 아등바등 발버둥치는 것을 보며 시대나 사회의 부조리를 인식하게 만드는 이야기를 좋아한다. 결코 이해할 수 없는 타인을 상상하고 놓쳐버리기 쉬운 사회를 직시할 힘을 주는 영화를 만들고 싶다. 사람에 관대해지고 세상에 예민해지는 사람이 되고 싶다.
신정우 감독
1. 거창한 계기나 극적인 사건이 있어야 할 것 같지만, 우연에 가까운 경험들이 나를 영화로 이끌었다. 공룡을 좋아하던 아기가 살아 있는 공룡을 본 순간, 학업에 흥미가 없어 예술고등학교에 진학하기로 한 선택, 영화에 열성인 친구들을 만난 일. 중요한 건 단순하다. 영화를 보는 것이 즐겁고, 직접 만드는 과정이 짜릿하다는 사실. 그것이 계기가 될 수 있지 않을까. 상상한 것들을 영화라는 물질로 만들 수 있다는 사실이 가장 큰 원동력이다.
2. ‘이상하다’라는 감흥에서 많은 재미를 느낀다. 이해되지 않는 것을 탐구하고, 세계 속에서 낯선 감각을 발견하는 일이 창작의 원동력이다. 좋아하는 영화들 역시 미지의 세계를 모험하고 탐험하는 인물을 담고 있다. 만들고 싶은 영화 역시 일상과 다른 감각을 제시하는 영화다. 익숙한 세계를 전혀 다른 결로 감각하게 만드는 것. 불규칙한 리듬을 껴안고, 부정맥이 왔을 때 깜짝 놀라 심장을 부여잡는 것처럼. 그런 영화를 만들고 싶다.
박지훈 감독
1. 영화인을 꿈꾸던 아버지를 따라 극장을 다니며 영화와 친해졌다. 어릴 적부터 뭔가 만들고 싶다는 욕구가 막연히 있었는데, 자연스레 그게 영화가 됐고 고등학생 때 영화를 만들면서 본격적으로 영화 만드는 사람이 되고자 했다. 그때부터 함께한 세 친구들과 이번 작품을 만들었고, 이상한 사랑영화를 만들자는 합의로부터 출발했다.
2. 워낙 어지러운 세상이고 나도 자주 중심을 잃어서 그런지 타인과, 세상과, 나 자신과 화해시켜주는 영화를 만들고 싶다. 요즘은 장르나 이미지보다는 흥미로운 인물에 마음을 빼앗기는 편이라 캐릭터가 중요한 영화를 만들고자 한다. 영화의 장점 중 하나는 몰랐던 타인과 세계를 만나게 해주고, 또 그들에게 비춰볼 때 내 안의 숨은 감정을 마주하게 해주는 거라고 생각한다. 캐릭터를 따라가다가 형언할 수 없는 감정을 맞닥뜨리고, 예측 불가능한 상황과 유머가 정확한 형식과 리듬 안에 담길 때 사랑에 빠지고 쾌감을 느낀다.
<나만 아는 춤> A Dance That Speaks
김태양 KIM Tae Yang | 2025 | Fiction | Color | 25min(E) | All 1
10/17(금) 14:30 CGV용산아이파크몰 5관 GV
10/19(일) 18:00 CGV용산아이파크몰 6관
무용을 가르치는 강사 소이. 그녀는 초급반 수강생들과 함께 공연을 준비하는데, 각자의 이유로 춤을 추는 사람들의 이야기를 안무로 만들게 된다.
김태양 감독
1. 공연장에서 무대 조감독으로 일하면서 춤에 대한 관심이 생겼습니다. 몸치였던 나는 춤을 직접 추기보다는 바라보는 것만으로도 마음이 충만해졌습니다. 영화는 나만의 표현 방식이기에 춤에 대한 나의 관심이 어디에서 비롯된 것인지, 그리고 그것이 어떻게 내 안에서 의미를 만들어가는지 탐구해보고자 했습니다.
2,. 좋아하는 영화들을 곰곰이 떠올려보면 사실적이면서도 현실에서 살짝 비껴난 듯한 이야기나 인물들을 다룬다는 공통점이 있습니다. 내가 만들어갈 영화 또한 그러할 것이며, 나만의 영화언어로 말하는 작품이 되길 바랍니다.
<벚꽃 종례> Blossom Graduation
권영민 KWON Young Min | 2025 | Fiction | Color | 29min | 12
10/17(금) 14:30 CGV용산아이파크몰 5관 GV
10/19(일) 18:00 CGV용산아이파크몰 6관
학교에 다니지 않는 19살 아름은 다른 사람의 교복을 입고 학생인 척 학교에 다닌다. 거기서 땡땡이치는 남학생 성우를 만나 벌어지는 이야기.
권영민 감독
1. 원래 이야기 쓰는 걸 좋아했다. 어릴 적에 라디오에 사연을 보내 당첨된 적도, 방송 방청권에 당첨되기도 했다. 실화로 시작했지만 당첨 욕심에 점점 허구가 섞였다. 돌이켜보면 그게 내 첫 대본이었다. 좋은 영화를 보면 좋아하는 사람이 생긴 것처럼 설다. 나도 그런 영화를 찍고 싶었다. <벚꽃 종례>는 내 경험에서 시작된 허구의 이야기다. 고등학생 시절, 친구가 없어 급식을 안 먹곤 했다. 점심시간에 교실에 혼자 있다 보면 다른 반 학생이 와서 말을 걸었다. 그게 그렇게나 고마웠다. 혼자 있다가 발견되는 듯한 기분. 그때 기억이 <벚꽃 종례>의 밑그림이 됐다.
2. ‘재밌는 영화’를 만들고 싶다. 보면서는 쾌감, 보고 나선 여운이 남는 영화. 현재는 막 나가는 20대들의 블랙코미디 범죄물을 쓰고 있다. 가제는 <님!>. 사랑, 폭력, 돈, 성공이 뒤엉킨 이야기인데, 결국 다들 자기 방식대로 열정적으로 살아가는 내용이다. 열정적으로 막 나갈 뿐. 아직까진 재밌다. 내가 각본과 연출을 맡아 끝까지 재밌게 완성하고 싶다.
<엉겅퀴 사랑> Brambled
김여로 KIM Yeo Ro | 2025 | Fiction | Color | 25min(E) World Premiere | 15
10/17(금) 12:30 CGV용산아이파크몰 6관
10/19(일) 13:00 CGV용산아이파크몰 5관 GV
변두리 외딴 여인숙을 운영하는 ‘마두’. 그녀는 엉겅퀴 꽃에 성적 충동을 느끼는 기이한 욕망을 품고 있다. 어느 날 마두의 여인숙을 찾아온 낯선 남자는, 그녀의 끔찍한 저주를 풀어줄 것만 같다.
김여로 감독(영화예술전공 6기, 20학번)
1. 학창 시절 나는 늘 억눌려 살던 지질한 인간이었다. 무기력한 현실에서 도피하려 망상의 세계에 빠졌지만 그것들은 결국 늘 휘발되고 마는 것이었다. 그러던 어느 날, 우연히 본 기타노 다케시의 영화 속의 충동적이고 거친 인물들은 나에게 어떤 해방감을 주었다. 마치 그들이 나의 억눌린 분노와 욕망을 대신 분출해주는 것만 같았다. 나도 영화를 통해 끔찍한 욕망들을 토해내고 싶어졌다. 그렇게 나의 망상을 더이상 혼자만의 것으로 두지 않겠다는 일종의 몸부림으로 영화를 시작하게 되었다.
2. 비린내나는 날것의 영화들을 좋아한다. <성스러운 피><짙은 선홍색>처럼 이미지가 강렬하고, 어딘가 뒤틀린 인물들을 주인공으로, 흉하고 추한 것들 사이의 아름다움이 발견되는 영화를 만들고 싶다.
<봄매미> Cicadas
강민아 KANG Min A | 2024 | Fiction | Color | 28min | 12
10/17(금) 12:30 CGV용산아이파크몰 6관
10/19(일) 13:00 CGV용산아이파크몰 5관 GV
지루한 수학여행의 마지막 날, 재영과 윤지는 대열에서 이탈한다. 그리고 그곳에서 학교를 다니지 않는 희수와 만난다.
강민아 감독
1. 영화를 만들기 위해 똑같은 걸 이렇게도 저렇게도 생각하다 보면 새롭게 깨닫는 것들이 많았습니다. 이 사람이 왜 그렇게 행동했는지, 이미 지나간 순간의 의미가 무엇이었는지…. 그런 의외의 발견에 재미를 붙이다 보니 계속해서 글을 쓰게 되었습니다.
2. 의외의 장소, 의외의 사람, 의외의 관계에서 뜻밖의 아름다움을 찾아내고 싶은 마음입니다. 최근에 <버팔로 66>을 다시 보는데, 미치광이 같은 주인공을 혐오하다가 연민하고, 끝내는 사랑하게 된 제 마음의 변화에 당혹감을 느꼈던 기억이 떠올랐습니다. ‘의외’라는 것은 결국 개개인의 태도에서 시작되는 반전이 아닐까 합니다. 아무 의미 없이 흘려보냈던 순간들로 다시 돌이키지만 거기서 새로운 감정을 발견하고야 마는, 가장 개인적이면서도 가장 큰 반전을 담은 영화를 만들고 싶습니다.
<오후의 손님> Afternoon Guest
김유리 KIM Yu Ri | 2025 | Fiction | Color | 29min(E) | 15
10/17(금) 12:30 CGV용산아이파크몰 6관
10/19(일) 13:00 CGV용산아이파크몰 5관 GV
셰어하우스에 사는 종은은 누수 수리를 하러 온 호재가 자꾸만 신경이 쓰인다.
김유리 감독
1. 대학에서 시각디자인을 전공했다. 당시 친하게 지내던 친구가 디자인을 너무 잘하기에 어떻게 하는지 유심히 관찰했고, 그 결과 그 친구가 영화를 많이 본다는 사실을 알았다. 그게 비결일까 싶어 여름방학 내내 생전 보지도 않던 영화를 매일 두세편씩 보기 시작했다. 방학이 끝날 무렵엔 디자인은 안중에도 없이 어느새 영화를 깊이 품게 돼버렸다.
2. 관능적이고, 감정적인 작품을 좋아한다. 특히 감정을 표현하는 데 있어 지나쳐도 좋으니, 온갖 영화적 장치를 동원하여 감정의 코어에 깊이 닿게 해주었을 때 강한 영화적 쾌락을 느끼곤 한다. 내가 만들게 될 영화들도 그만큼 감정에 있어 생생한 감각을 담고 싶다. 스크린이 관객들의 살결을 빗는 듯한 아주 선명하고 살아 있는 듯한 감각, 피부가 반응하는 그런 영화를 만들고 싶다. 그렇게 혼란해진 마음으로 극장을 나설 때, 그 어수선함을 정리하는 데 시간이 한참 걸리는 그런 영화. 욕심이 많지만 그에 닿도록 최선을 다하고 싶다.
<밀애> Rendezvous
정재서 JUNG Jae Seo | 2025 | Fiction | Color+B&W | 13min World Premiere | All
10/17(금) 19:00 CGV용산아이파크몰 5관 GV
10/18(토) 15:40 CGV용산아이파크몰 6관
그림자 미령은 자신의 분신인 미향에게 마음을 빼앗긴다. 미령은 그녀에게 자신의 존재를 드러내기로 결심한다.
정재서 감독
1. 우리는 평생 자기 자신에 갇힌 채로 세상을 살아간다. 그런 삶 속에서 영화는 타인의 시선을 잠시나마 엿볼 수 있는 가장 좋은 창구라고 생각한다. 그리고 어떤 영화들을 통해 엿본 타인의 시선은 세상을 달리 바라보게 만들어준다. 결국엔 시야를 넓혀준다는 말이지만, 별개로 그런 영화와 만나는 순간이 주는 강렬하고 얼떨떨한 감각이 있다. 영화를 본다는 것은 어떤 면에서는 닫혀 있는 활동인데, 그런 경험을 하고 나면 마치 내가 영화와 무언가를 주고받은 듯한 기분이 든다. <밀애>를 통해서도 그런 감각을 전달하고 싶었던 것 같다.
2. 버스터 키턴의 <셜록 주니어>, 찰리 채플린의 <모던 타임즈>, 미겔 고메스의 <타부>, 크리스티안 페촐트의 <피닉스>같은 영화들을 좋아한다. 그외에도 떠오르는 영화는 많지만 ‘나도 이런 영화를 만들고 싶다’라고 생각하며 본 영화들은 이 정도다. 이들을 어떤 ‘결’로 묶어 설명할 수 있을지는 잘 모르겠다. 하지만 결국 어떤 영화를 만들고자 하는가는 앞선 질문의 답과 맞닿아 있는 것 같다. 어떤 방식으로든 세상을 달리 바라보게 하는 영화를 만들고 싶다.
<고라니 아이돌과 나> The Popstar Water Deer and I
이상화 LEE Sasha | 2024 | Animation | Color 17min(KE, E) | All
10/17(금) 19:00 CGV용산아이파크몰 5관 GV
10/18(토) 15:40 CGV용산아이파크몰 6관
외로운 청년 베가는 춤추는 고라니 아이돌과 사랑에 빠진다. 그들은 환상 속에서 기쁨의 노래를 부르지만 베가의 공허함은 채워지지 않고, 현실의 비둘기들은 그들을 차가운 세상으로 끄집어내려 한다.
이상화 감독
1. 그림 그리는 것을 좋아했다. 그리고 그림을 여러 장 이어 붙이니 움직이는 애니메이션이 된다는 마법에 매료되었다. 영상이 끝날 때까지 사람의 시간을 사로잡아둘 수 있다는 점이 무척이나 매력적이었다. 좀더 구체적으로 이번 작품을 만든 계기를 설명하자면 주변에 외로운 사람들이 참 많다고 느꼈다.
2. 2000년대, 특히 2000년대의 일본영화 와 애니메이션에 대한 향수가 있다. 2000년대의 나는 어렸고 그 작품들을 볼 수 있는 나이도 아니었지만…. 어른이 되고 뒤늦게 접한 뒤 계속 그 세계를 동경했다. 나처럼 자신이 태어나고 자란 나라의 정서와 불화한다고 느낀 다양한 오타쿠들은 그렇게 자신이 속한 곳의 바깥에 있는 무언가를 사랑하게 되는 것 같다. 나와 같은 아웃사이더와 오타쿠, 그 사이 어딘가에 있는 사람들을 위한 작품을 만들고 싶다.
<거짓거짓거짓말> Fake Lies
황진성 HWANG Jin Seong | 2024 | Fiction Color | 18min | 12
10/17(금) 19:00 CGV용산아이파크몰 5관 GV
10/18(토) 15:40 CGV용산아이파크몰 6관
오랜 연인인 지선과 상원. 어느 날 지선은 자신이 외계인이라고 고백하지만 상원은 믿지 않는다. 그러자 지선은 사라져버리고, 상원은 그녀를 찾아 나선다.
황진성 감독
1. 오래전부터 그림, 연극 포스터, 홍보 영상 등 무엇이든 창작하는 걸 좋아했습니다. 연기도 같은 이유로 좋아했습니다. 나만의 역할을 만든다는 게 좋았거든요. 우연히 유튜브에서 구교환님의 이라는 단편을 보았습니다. 그 작품은 저렴한 카메라로 그냥 있는 그대로 찍은 듯 보였습니다. 그럼에도 계속 보게 되더라고요. 그때 용기가 생겼습니다.
2. <에브리씽 에브리웨어 올 앳 원스>를 세상에서 제일 좋아합니다. 가끔 세상에 나 혼자만 느끼고 있을 것만 같은 이상한 허무감을 느끼곤 하는데, 대니얼스 감독도 내가 느꼈던 감정을 똑같이 느꼈고, 그 감정을 영화로 표현한 것 같았습니다. 그때 왠지 모르게 위로받는 기분이 들어 한참을 울었습니다. 그리고 나도 이런 영화를 만들고 싶어졌습니다.
<실낱 같은 마음> Heart Hanging by a Thread
허윤 HEO Yoon | 2025 | Fiction | Color 29min | World Premiere | 15
10/17(금) 19:00 CGV용산아이파크몰 5관 GV
10/18(토) 15:40 CGV용산아이파크몰 6관
안은 현재와 과거, 현실과 망각 사이를 오가며 살아간다. 그러던 어느 날 담뱃불에 지져진 손가락 사이로 실처럼 얇고, 기다란 벌레가 그녀의 몸속으로 들어간다.
허윤 감독
1. 어렸을 적 아버지가 슈퍼를 운영하셨는데요. 특이하게도 DVD 대여도 하곤 했어요. 그로 인해 자연스럽게 영화를 접하게 되었고, 디스크2에 있는 메이킹필름을 보며 영화가 만들어지는 과정에도 관심을 가지게 되었습니다.
2 무심히 지나칠 수 있는 일상 속 풍경들을 새로운 시각으로 바라보려 노력합니다. 그렇게 하나둘 모인 아이디어로 재밌고 흥미로운 영화를 만들어나가고 싶습니다.
[씨네21] 글 배동미 사진 최성열 백종헌
씨네21 No. 1527 (2025.10. 14)
해당 기사 바로가기"
film_arts,"[영화제 수상] 제21회 미쟝센단편영화제(MSFF) 품행제로 부문 최우수 작품상, 배우상 2관왕 수상! <자매의 등산> (1기, 15학번 졸업생 김수현 연출), 심해인 (7기, 21학번)",,2025-10-29,http://ssfilm.ssu.ac.kr/notice/notice_view?NoticeIndex=687,687,"(사진 출처/ 제 21회 미쟝센단편영화제 공식
인스타그램)﻿
제 21회 미쟝센단편영화제(MSFF)
에서
<자매의 등산>
(영화예술전공 1기, 15학번 졸업생 김수현 연출)이
최우수 작품상, 배우상
2관왕
을
수상하였습니다. 축하합니다~!
♬
＊품행제로 부문 최우수 작품상:
<자매의 등산 The Mountain Between Us>
-연출: 김수현
(영화예술전공 1기, 15학번 졸업생)
-주연: 심해인 (영화예술전공 7기, 21학번)
[시놉시스]
은지와 미정은 자매 사이다. 어느 날, 돌연 파혼을 선언한 뒤 자취를 감췄던 언니의 예비 신랑이 스님이 되었다는 소식을 듣게 된다. 자매는 그를 찾기 위해 산을 오른다.
(사진 출처/ 제 21회 미쟝센단편영화제 공식
인스타그램)﻿
＊배우상: 심해인
(영화예술전공 7기, 21학번)
(사진 출처/ 제 21회 미쟝센단편영화제 공식
인스타그램)﻿
해당 홈페이지 바로 가기"
film_arts,"[개봉 소식] 영화예술전공 배우 출연 영화 <세계의 주인> 개봉! 강채윤(5기, 19학번 졸업생), 김예창(4기, 18학번 졸업생), 김정식(7기, 21학번)",,2025-10-28,http://ssfilm.ssu.ac.kr/notice/notice_view?NoticeIndex=686,686,"-
작품
:
<
세계의 주인
>
(
윤가은 감독
)
-
출연
:
강채윤
(
영화예술전공
5
기
, 19
학번 졸업생
),
김예창
(
영화예술전공
4
기
, 18
학번 졸업생
),
김정식
(
영화예술전공
7
기
, 21
학번
)
-
개봉일
: 2025.10.22.(
수
)
-
시놉시스
:
당신은 그녀가 어떤 사람으로 보이나요
?
명랑한 친구
,
뻔뻔한 딸
,
짓궂은 여친
,
알다가도 모르겠는
18
세 여고생 이주인 어느 날
,
주인이 홧김에 질러버린 한 마디가 주변을 혼란에 빠뜨리고 설상가상 주인을 추궁하는 익명의 쪽지가 오면서
,
평온했던 모두의 세계에 균열이 생기기 시작하는데
…
“
이주인
,
뭐가 진짜 너야
?”
단지 자기의 세계를 지키고 싶었던 주인은 다시 예전처럼 돌아갈 수 있을까
?"
film_arts,"[영화제 진출] <좋은 걸, 어떡해!> 김지윤 연출 (영화예술전공 9기, 23학번) 제5회 성북청춘불패영화제(SBFF) 단편경쟁부문 본선 진출!",,2025-10-29,http://ssfilm.ssu.ac.kr/notice/notice_view?NoticeIndex=685,685,"영화예술전공(SSFilm)에서 제작한
<좋은 걸, 어떡해!>(영화예술전공 9기, 23학번 김지윤)
가
이번 제5회 성북청춘불패영화제(SBFF) 단편 경쟁부문 본선
에 진출
하였습니다.
축하합니다~!♬♪♩
좋은 걸, 어떡해!
(But, Love!
)
-
연출
:
김지윤
(
영화예술전공 9
기
, 23
학번
)
-주연
:
김지윤
(
영화예술전공 9
기
, 23
학번
), 이성욱
(
영화예술전공 4
기
, 18
학번
)
<시놉시스>
항상 같이 영화를 찍으며 작업해오던 솔과 웅
,
솔은 웅이의 시나리오가 제작지원에 선정되었단 소식을 듣게 되고 이번에도 자신이 주인공을 맡을 생각에 설레한다
.
하지만 그는 이번에
BL
시나리오를 써서 제출했던 것
!
처음 있는 일에 솔은 크게 실망한다
.
그 와중에 웅은 솔에게 조연출 제의를 부탁하며 같이 오디션장에 들어가게 되고
,
솔은 이 오디션을 망치기 위해 노력한다
.
(사진 출처/성북청춘불패영화제 공식 홈페이지)
해당 홈페이지 바로 가기"
