department,title,author,date,link,content
korean_language,2025-2학기 논문계획서 및 졸업논문 제출 일정 안내,N/A,2025-09-01,https://korlan.ssu.ac.kr/%ed%95%99%ea%b3%bc%ec%82%ac%eb%ac%b4%ec%8b%a4%ec%95%8c%eb%a6%bc/%ea%b3%b5%ec%a7%80%ec%82%ac%ed%95%ad/?term_id&slug=1774,"안녕하세요. 국어국문학과 사무실에서 2025학년도 2학기 논문계획서 및 졸업논문 제출에 관하여 다음과 같이 알려드립니다.
1.
논문계획서
(
논문제목
,
지도교수
)
입력 및 결과 제출
가. 대상자 :
1) 7학기 이상 이수중인 재학생 중 계획서를 제출하지 않은 자
2) 수료생 중 졸업을 희망하는 자
나. 기간: 2025년 10월 1일(수) 17:00까지
다. 제출방법: 첨부파일의 양식을 받아서 작성 후 오프라인 제출(학과 사무실 조만식기념관 641호)
※ 취업으로 인한 사유가 있는 경우 학과사무실로
반드시 사전 연락
후 이메일 제출 가능.
라. 유의사항
논문 계획서와 다르게 논문을 제출하실 분들은 논문계획서를 다시 제출하셔야 합니다.
2.
졸업논문 제출
가. 대상자 :
1) 8학기 이상 이수중인 졸업예정자
2) 6~7학기 이수중인 조기졸업 대상자
3) 수료생 중 졸업을 희망하는 자
나. 기간: 2025년 11월 28일(금) 17:00까지
다. 제출방법: 스프링 제본을 완료한 논문을 오프라인(학과 사무실 조만식641호)으로 제출
라. 분량: 표지와 목차를 제외한, 논문규격에 맞춘 A4 용지 30장 내외
마. 제출기한
2025년 11월 28일(금) 17:00 이전까지 스프링 제본을 완료한 논문을 제출해야하며 이후 논문 제출 절대 불가. 11월 28일(금) 17:00 이후 제출자에게는 다음 학기에 논문을 제출하도록 안내할 예정.
외국 거주중인 유학생, 조기취업 등으로 인하여 직접 제출이 불가한 자는
사전 연락 후
국어국문학과 이메일(korlan@ssu.ac.kr) 또는 우편으로 송부 가능.
단, 학과사무실에서 논문을 수령한 시간이 11월 28일(금) 17:00 이전이어야 함.
※ 학과 이메일로 발송하는 경우에도 11월 28일 17:00이전까지 송부하는 논문만 인정
참고 : 지도교수 란은 자신이 쓰고 싶은 논문 주제와 맞는 해당 분야 전공 교수님 성함을 써주시기 바랍니다.
국어학(형태론, 통사론) : 오충연 교수님
국어학(의미론, 화용론, 한국어교육) : 임채훈 교수님
국어학(음운론, 한국어교육): 김수영 교수님
고전문학 : 장경남 교수님
현대문학(소설) : 이경재 교수님
현대문학(시): 박동억 교수님
3.
유의사항
가. 위에 명시된 제출 기한을 꼭 지켜주시기 바라며, 이후에는 받지 않습니다.
나. 논문계획서는 자필, 워드 모두 가능하며 논문은 반드시 스프링 제본을 마친 완본을 제출하셔야 합니다.
다. 논문 작성 시 반드시 정해진 규격을 준수해야 합니다.
라. 타인의 연구 자료를 무단으로 도용하거나 인터넷 이곳저곳에 있는 자료를 임의로 짜깁기하는 행위는 절대로 있어서는 안 되는 매우 부끄럽고 파렴치한 행위이며 범죄입니다. 여러분은 국어국문학과 학부 교과과정을 4년 동안 훌륭하게 이수한 학생입니다. 전공자의 기품과 실력에 어울리는 정직한 논문을 써주시기 바랍니다. 특히 인용한 내용에 대해서는 각주 및 참고문헌을 정확히 기재해 주시기 바랍니다. 부정이 발견되면 졸업하지 못합니다.
마. 자격증 및 수상실적으로 논문을 대체하는 논문 제출 마감일 전까지 자격증 사본을 꼭 제출해 주시기 바랍니다.
바. 자격증 및 수상실적으로 논문을 대체하는 학생도 논문계획서는 기간 내에 꼭 제출해 주셔야 합니다.
사. 논문 대체를 위한 자격증 및 수상실적 범위는 학과 홈페이지의 내규를 참고해 주세요. 논문 제목이 바뀐 분들도 논문 계획서를 다시 제출하셔야 합니다.
※ 논문계획서양식 혹은 논문양식 워드(docx) 파일이 필요하신 경우, 학과사무실로 문의 부탁드립니다.(홈페이지 문제로 워드파일이 업로드되지 않음)"
korean_language,2025-2학기 제8회 백규 조규익 국어국문학 장학금 선발 안내,N/A,2025-08-18,https://korlan.ssu.ac.kr/%ed%95%99%ea%b3%bc%ec%82%ac%eb%ac%b4%ec%8b%a4%ec%95%8c%eb%a6%bc/%ea%b3%b5%ec%a7%80%ec%82%ac%ed%95%ad/?term_id&slug=1801,"국어국문학과 명예교수님이신 조규익 교수님께서 ‘백규 조규익 국어국문학 장학금’을 출연하셨습니다.
가정형편이 어려운 학생들의 짐을 조금이나마 덜어 주고자 하시는 조규익 교수님의 뜻에 따라 대상자를 선발하고자 하니,
아래의 사항에 맞추어 관련 서류를 학과사무실(조만식기념관 641호)로 제출해 주시기 바랍니다.
1. 장학금 명칭 : 백규 조규익 국어국문학 장학금(약칭 ‘백규 장학금’)
2. 대상
가. 국어국문학과 2025-2학기 학부 재학생(8학기 이내의 정규학기 재학생만 해당) 중 직전학기 평점평균 B0(3.3) 이상인 자
/ 국어국문학과 2025-2학기 대학원 재학생(4학기 이내의 정규학기 재학생만 해당)
나. 가정형편이 어려운 학생(본 장학금은 생활비지원 성격으로 지급될 예정으로, 국가장학금과 중복 수혜 가능)
다. 제출서류 : 세대주의 건강보험납부확인서(의료보험납부확인서) 1부.
– 납부확인서와 국가장학금 소득분위를 종합적으로 판단하여 학과에서 선발할 예정임.
– 제출서류는 선발절차 후 개인정보 보호를 위해 파기할 예정.
라. 선발인원 : 학부, 대학원 각 1명(단, 심사 회의에 따라 학부생 2명, 대학원 0명 선발 가능)
마. 지급금액 :  1인당 300만원
바. 본 장학금의 선발 횟수는 1회로 제한되며, 이번 학기 선발시 이후 신청하더라도 수여대상에서 제외됨.
3. 제출기한 : 2025.08.25(월) 17:00까지 조만식기념관 641호 국어국문학과 사무실로 직접 제출 (사무실 운영시간 10:00~17:00)
4. 장학금 선발자에게는 조규익 교수님께서 기념패를 함께 수여하실 예정이므로, 추후 예정된 수여행사에 반드시 참석하여야 합니다.
관련문의) 국어국문학과 사무실(02-820-0320)"
korean_language,2025학년도 2학기 학과근로장학생 모집 안내,N/A,2025-07-29,https://korlan.ssu.ac.kr/%ed%95%99%ea%b3%bc%ec%82%ac%eb%ac%b4%ec%8b%a4%ec%95%8c%eb%a6%bc/%ea%b3%b5%ec%a7%80%ec%82%ac%ed%95%ad/?term_id&slug=1797,"2025학년도 2학기 학과근로장학생을 다음과 같이 모집하니 많은 지원 바랍니다.
근로장학생 자격 및 선발기준
가. 2025학년도 2학기 국가장학금을
1
차
신청하고 소득분위가
9
분위 이내인 자
※ 국가장학금을 신청할 수 없는 대한민국 국적 미소지자도 선발 가능
(단, 순수외국인전형으로 입학한 외국인 유학생은 선발 불가)
나. 2025학년도 2학기 재학 및 복학예정자로 해당학기 등록금 납부 예정인 자
1) 2025학년도 2학기 전 등록휴학 후 복학시 선발 불가(등록대체자)
2) 학기 중 미등록, 입학취소, 복학취소 등으로 인한 학적변동시 모든 장학금 취소
3) 2025학년도 2학기 기준
이수학기가
2~7
학기만 가능
(
건축학 전공은
9
학기까지
)
※
마지막학기 재학생은 선발 불가
다. 직전학기 취득학점 및 학업성적 제한 없음
라. 타 장학금과 중복수혜 가능(근로장학금 간 중복 불가)
※ 본 장학금은 학업장려비 지원 목적으로 등록금(입학금 및 수업료)를 초과하여 지급
마. 국가근로장학생 및 교내근로장학생에 선발되지 않은 자
※
국가근로 및 교내근로 선발자가 포기 후 학과근로 선발될 수 없음
근로장학생 종류별 장학금액 및 근로시간
장학금명
시간당 장학금
총 근로시간 (학기)
1인당 장학금액(원)
학과근로A
10,030원
10시간*20주=200시간
2,006,000
학과근로B
10,030원
5시간*20주=100시간
1,003,000
※ 장학금은 매월 지급하며, 실 지급액은 근로시간에 따라 달라질 수 있음
※ 주 기준은 학기당 받을 수 있는 장학금액 산정을 위한 것이며, 총 시간 내에서 2월까지
근로할 수 있음
※ 장학금 지급일: 매월 셋째주 금요일 예정(Ex. 9월분 근로장학금 지급일: 10월 셋째주 금요일)
유의 사항
가. 선발된 학생은 소속부서에서 지정된 근로시간 동안 근무해야 하며, 학기 중 학적변동
(휴학, 자퇴, 제적 등) 등 불가피한 사유가 인정되는 중도 포기 시 근로 시간 만큼 지급
나. 2026년 1월 근로평가 전까지 교체 가능(단, 교체 전 학생의 근로시간을 차감)
다.
국가근로 및 교내근로로 선발 시 학과근로 선발에서 제외됨
(선발 우선순위: 1. 국가근로, 2. 교내근로, 3. 학과근로)
–
신청절차
가. 학생신청방법: 온라인 접수 후 서류 출력하여 학과 사무실로  직접 제출
(u-SAINT포털 → 등록/장학 → ‘근로장학금 신청’→학과근로A/B신청 → 지원서 출력)
※
u-SAINT
출력본 제출 필수
나. 온라인접수 및 서류제출기간:
2025
년 8
월 4
일
(
월
) 10:00 ~ 8
월 8
일
(
금
) 17:00
※
제출 일시 이후 제출본은 불인정하니 유의
1) 제출서류: 지원서(u-SAINT출력본)
2) 제출장소: 각 학과사무실
–
선발결과 발표
:
2025년 8월 25일(월) 18:00 이후 숭실대학교 홈페이지 공지사항 공지 예정
문의
:
각 학과 사무실"
korean_language,백마성적우수장학생 선발 기준 안내(2025-2학기),N/A,2025-07-09,https://korlan.ssu.ac.kr/%ed%95%99%ea%b3%bc%ec%82%ac%eb%ac%b4%ec%8b%a4%ec%95%8c%eb%a6%bc/%ea%b3%b5%ec%a7%80%ec%82%ac%ed%95%ad/?term_id&slug=1792,"백마성적우수장학생 선발 기준을 공지드리오니 참고바랍니다.
A. 기본 자격요건(학교 전체 공통)
가. 2025학년도 2학기 국가장학금을 신청하여 소득분위 조회가 가능한 자
1) 1차 신청자에 한하여 등록금고지서 사전감면
2) 1차 미신청자 : 2차 신청/서류제출/구제신청 확인 후 사후지급
(2차 신청자 중 한국장학재단 구제신청기간에 구제신청 시 사후지급)
3) 국가장학금을 신청할 수 없는 대한민국 국적 미소지자도 선발 가능
(단, 순수외국인전형으로 입학한 외국인유학생은 선발 불가)
나. 2025학년도 2학기 재학 및 복학예정자로 해당학기 등록금 납부 예정인 자
1) 2025학년도 2학기 前등록휴학 후 복학시 선발대상에서 제외 (등록대체자)
2) 학기 중 미등록, 입학취소, 복학취소 등으로 인한 학적변동시 모든 장학금 취소
3) 선발 후, 학기 중 휴학 시 백마성적우수장학금은 복학학기로 이월
※ 복학 학기에 국가장학금 신청 의무
4) 추가 또는 교체선발 시 재학 중인 학생만 선발 가능 (휴학생에 대한 추가/교체 불가)
다. 직전학기 15학점 이상 이수한 자 (졸업 직전학기는 직전학기 12학점 이상)
라. 정규등록학기가 8학기 이내인 자 (건축학전공: 등록 10학기 이내인 자)
마. F학점 포함 학적부성적 기준 직전학기 3.8 이상인 자
바. 모든 교내장학금간 중복수혜 불가
1) 신청장학금 중 수혜금액이 큰 장학금 자동선발
2) 중복수혜 가능 장학금: 국가장학금, 교외장학금, 학업장려비 지원 목적 장학금 등
사. 졸업예정자 선발 불가(조기졸업 대상자 포함)
B. 국어국문학과 내부 자격요건
가. 학년별 수석에게 전액 지급, 차석에게 반액 지급이 원칙이나, 장학금액 구성 요건에 따라 25%까지 조정될 수 있음.
나. 국어국문학과 전공 과목을 최소 2과목 이상 수강했어야 함.
다. 위 조건을 모두 충족하더라도 A의 조건을 충족하지 못할 시 선발 대상 제외.
c. 2025-2학기 선발 예정 인원(총 8인, ‘B-가’ 요건에 따라 장학금액 조정될 수 있음)
가. 수업료 100% 지급- 각 학년별(1~3) 수석 3인 선발
나. 수업료 25% 지급- 각 학년별(1~3) 차석 3인 선발
다. 수업료 50%지급- 4학년 수석 1인, 차석 1인 선발"
korean_language,2024-2학기 졸업논문 제출 기한 연장 안내,N/A,2024-11-28,https://korlan.ssu.ac.kr/%ed%95%99%ea%b3%bc%ec%82%ac%eb%ac%b4%ec%8b%a4%ec%95%8c%eb%a6%bc/%ea%b3%b5%ec%a7%80%ec%82%ac%ed%95%ad/?term_id&slug=1788,"안녕하세요, 국어국문학과 사무실에서 2024-2 졸업논문 제출 기한 연장에 관하여 안내드립니다.
기존 논문제출 마감일인 11월 29일 금요일에 2025 수시 면접고사 일정으로
조만식기념관 출입이 제한됨에 따라,  제출 기한을 12월 2일 월요일까지로 연장합니다.
변경 내용은 아래와 같습니다.
기존: 11월 29일 금요일 5:00까지 학과 사무실 오프라인 제출
변경: 12월 2일 월요일 5:00까지 학과 사무실 오프라인 제출
*부득이한 사정으로 인해 월요일에 오프라인 제출이 불가능한 경우,
학과 메일로 사유를 보내주시기 바랍니다. (korlan@ssu.ac.kr)"
korean_language,2025학년도 1학기 학·석사 연계과정 지원 및 선발 안내,N/A,2024-11-13,https://korlan.ssu.ac.kr/%ed%95%99%ea%b3%bc%ec%82%ac%eb%ac%b4%ec%8b%a4%ec%95%8c%eb%a6%bc/%ea%b3%b5%ec%a7%80%ec%82%ac%ed%95%ad/?term_id&slug=1777,"2025학년도 1학기 학·석사연계과정 지원 및 선발을 아래와 같이 안내합니다.
1. 지원기간 : 2024.12.02(월)~12.13(금)
2. 모집학과 : 학사과정과 석사과정에 동일(또는 유사)학과가 있는 학과(계약학과 제외)
3.지원자격 :
다음 각호 모두 해당되는 자
가. 지원일 당시 학사과정 4학기 이상 6학기 이내 재학 중(건축학부 건축학전공은 6학기 이상 8학기 이내 재학 중)인 자 (학·석사연계과정 신청자는 조기졸업 신청을 할 수 없음)
나. 재수강 이전 과목, 학점포기한 과목, F학점 과목 등을 포함한 전체 과목의 총평점평균이 3.0 / 4.5 이상인 자
다. 7학기 또는 8학기(건축학부 건축학 전공은 9학기 또는 10학기)에 학사과정의 졸업요건을 충족할 수 있는 자
라. 지원하고자 하는 일반대학원 학과 주임교수와 지도교수의 추천을 받은 자
마. 지원하고자 하는 일반대학원의 동일(또는 유사)학과를 주전공 또는 복수전공으로 하는자
4. 제출서류 및 지원방법
가. 학·석사연계과정 신청서 1부.
나. 대학원 교학팀으로 방문 접수(웨스트민스터홀 658호)
5. 선발인원 : 석사과정 입학정원의 20%
6. 발표일 : 2025.01.24(금) 예정 – 학과 및 개별통지
7. 관련안내
가. 대상 : 지원가능 대상자 및 학과
나. 방법 : 안내문 배포 및 대학원 홈페이지 공지
8. 문의처 : 대학원 교학팀(02-820.0258~9 , grad@ssu.ac.kr)"
korean_language,제10회 김현승시문학상 수상작 심사평,N/A,2024-07-05,https://korlan.ssu.ac.kr/%ed%95%99%ea%b3%bc%ec%82%ac%eb%ac%b4%ec%8b%a4%ec%95%8c%eb%a6%bc/%ea%b3%b5%ec%a7%80%ec%82%ac%ed%95%ad/?term_id&slug=1752,"제10회 김현승시문학상 수상작 심사평을 게시합니다.
다시 한 번 축하드립니다."
korean_language,2024학년도 교직과정 이수 신청기간 안내,N/A,2024-07-03,https://korlan.ssu.ac.kr/%ed%95%99%ea%b3%bc%ec%82%ac%eb%ac%b4%ec%8b%a4%ec%95%8c%eb%a6%bc/%ea%b3%b5%ec%a7%80%ec%82%ac%ed%95%ad/?term_id&slug=1746,"2024학년도 교직이수 신청기간을 다음과 같이 안내합니다.
1. 교직이수 신청기간: 2024.6.17.(월) 10:00 ~ 12.6.(금) 23:59
※ 2024-1학기 기준 2학년 2학기(4학기) 재학 중인 학생은
2024.8.31.(토) 23:59까지
u-SAINT를 통한 신청 및 적·인성 검사 응시를 완료하여야 함
2. 선발대상
가 .교직과정 설치학과(부) 소속
2학년(3학기 혹은 4학기) 재학생
’24-1학기 기준 학적
’24-2학기 기준 학적
신청가능 여부
2학년 1학기(3학기) 재학
2학년 1학기(3학기) 재학
신청
가능
2학년 1학기(3학기) 이수 후 휴학
2학년 1학기(3학기) 이수 후 휴학
2학년 2학기(4학기) 재학
2학년 2학기(4학기) 재학
2학년 2학기(4학기) 이수 후 휴학
2학년 2학기(4학기) 이수 후 휴학
신청
불가
※ 재입학생 및 편입생은 교직과정 이수
불가
(예외사항 붙임 안내문 참조)
3. 교직과정 설치학과(부)별 선발 인원
대학
학과(부)
표시과목
선발인원(명)
인문대학
국어국문학과
국어
3
영어영문학과
영어
7
중어중문학과
중국어
2
일어일문학과
일본어
3
철학과
철학
2
사학과
역사
3
자연과학대학
수학과
수학
3
물리학과
물리
4
화학과
화학
4
경제통상대학
경제학과
일반사회
3
글로벌통상학과
상업
5
경영대학
경영학부
상업
8
회계학과
상업
2
공과대학
화학공학과
화공
3
전기공학부
전기
6
IT대학
전자정보공학부
전자공학전공
전자
4
통신
전자정보공학부
IT융합전공
전자
4
통신
컴퓨터학부
정보·컴퓨터
7
계
73
4. 학교 홈페이지 공지사항 참조:
https://scatch.ssu.ac.kr/vvsp"
korean_language,제10회 김현승시문학상 수상작 발표,N/A,2024-07-02,https://korlan.ssu.ac.kr/%ed%95%99%ea%b3%bc%ec%82%ac%eb%ac%b4%ec%8b%a4%ec%95%8c%eb%a6%bc/%ea%b3%b5%ec%a7%80%ec%82%ac%ed%95%ad/?term_id&slug=1744,"제10회 김현승시문학상 수상작은 다음과 같습니다.
당선작 : <한 발자국>
최선재(숭실대학교 국어국문학과 3학년)
가작 : <낮에 하는 일>
김선우(단국대학교 문예창작학과 3학년)
가작 : <산책의 기술>
김민서(연세대학교 대학원 국어국문학과 석사 2학기)
시상식 등의 일정은 수상자에게 개별적으로 공지할 예정입니다.
축하드립니다."
korean_language,대학원 종합시험 리딩리스트,N/A,2020-09-09,https://korlan.ssu.ac.kr/%ed%95%99%ea%b3%bc%ec%82%ac%eb%ac%b4%ec%8b%a4%ec%95%8c%eb%a6%bc/%ea%b3%b5%ec%a7%80%ec%82%ac%ed%95%ad/?term_id&slug=1325,"대학원 종합시험 각 분야별 리딩리스트를 올려드립니다.
국어학
<우리말 문법론>(집문당), <한국어 의미론>(사회평론아카데미), <국어 음운론 강의>(집문당, 2021.)
고전문학
<한국문학통사 1~4>(지식산업사),  <한국고소설강의>(돌베개)
현대문학
석사 : <시 – 대학생들이 던진 33가지 질문에 답하기>(새움출판사), <한국소설사>(문학동네)
박사 : <한국시의 미학적 패러다임과 시학적 전통>(소명출판), <한국현대문학과 민족의 만화경>(소명출판)
한국어문화
<한국어 교육의 이론과 실제2>(아카넷), <한국문화교육론>(역락)"
korean_language,2024-2학기 제6회 백규 조규익 국어국문학 장학금 선발 안내,N/A,2024-08-21,https://korlan.ssu.ac.kr/%ed%95%99%ea%b3%bc%ec%82%ac%eb%ac%b4%ec%8b%a4%ec%95%8c%eb%a6%bc/%ea%b3%b5%ec%a7%80%ec%82%ac%ed%95%ad/?term_id&slug=1771,"국어국문학과 명예교수님이신 조규익 교수님께서 ‘백규 조규익 국어국문학 장학금’을 출연하셨습니다.
가정형편이 어려운 학생들의 짐을 조금이나마 덜어 주고자 하시는 조규익 교수님의 뜻에 따라 대상자를 선발하고자 하니,
아래의 사항에 맞추어 관련 서류를 학과사무실(조만식기념관 641호)로 제출해 주시기 바랍니다.
1. 장학금 명칭 : 백규 조규익 국어국문학 장학금(약칭 ‘백규 장학금’)
2. 대상
가. 국어국문학과 2024-2학기 재학생(8학기 이내의 정규학기 재학생만 해당) 중 직전학기 평점평균 B0(3.3) 이상인 자
나. 가정형편이 어려운 학생(본 장학금은 생활비지원 성격으로 지급될 예정으로, 국가장학금과 중복 수혜 가능)
다. 제출서류 : 세대주의 건강보험납부확인서(의료보험납부확인서) 1부.
– 납부확인서와 국가장학금 소득분위를 종합적으로 판단하여 학과에서 선발할 예정임.
– 제출서류는 선발절차 후 개인정보 보호를 위해 파기할 예정.
라. 선발인원 : 학부생 2인
마. 지급금액 :  1인당 300만원
바. 본 장학금의 선발 횟수는 1회로 제한되며, 이번 학기 선발시 이후 신청하더라도 수여대상에서 제외됨.
3. 제출기한 : 2024.8.29(목) 17:00까지 학과사무실로 직접 제출
4. 장학금 선발자에게는 조규익 교수님께서 기념패를 함께 수여하실 예정이므로, 추후 예정된 수여행사에 반드시 참석하여야 합니다.
관련문의) 국어국문학과 사무실(02-820-0320)"
korean_language,2024학년도 2학기 학과근로 장학생 선발 시행 안내,N/A,2024-08-07,https://korlan.ssu.ac.kr/%ed%95%99%ea%b3%bc%ec%82%ac%eb%ac%b4%ec%8b%a4%ec%95%8c%eb%a6%bc/%ea%b3%b5%ec%a7%80%ec%82%ac%ed%95%ad/?term_id&slug=1764,"2024학년도 2학기 학과근로장학생 선발을 다음과 같이 안내합니다.
1. 학과근로장학생 자격 및 선발기준
가. 2024학년도 2학기 국가장학금을
1차
신청(붙임2)하고 소득분위가 8분위 이내인 자
([
붙임2]는 국가장학금 신청 명단이며, 아직 심사진행 중으로 소득분위는 미확인,
2024-2학기 학적상태 및 이수학기는 학과에서 개별 확인 필요
)
※ 국가장학금을 신청할 수 없는 대한민국 국적 미소지자도 선발 가능
(단, 순수외국인전형으로 입학한 외국인 유학생은 선발 불가)
나. 2024학년도 2학기 재학 및 복학 예정자로 해당 학기 등록금 납부 예정인 자
1) 2024학년도 2학기 전 등록휴학 후 복학 시 선발 불가(등록대체자)
2) 학기 중 미등록, 입학취소, 복학취소 등으로 인한 학적변동시 모든 장학금 취소
3) 2024학년도 2학기 기준 이수학기가
2~8학기
인 학생만 가능(1학기 신청 불가, 건축학 전공자의 경우 10학기까지 신청 가능)
다. 직전학기 취득학점 및 학업성적 제한 없음
라. 장애인, 북한이탈주민 및 자립준비청년 우선 선발(한국장학재단 정보 활용)
마. 타 장학금과 중복수혜 가능(근로장학금 간 중복 불가)
※ 본 장학금은 학업장려비 지원 목적으로 등록금(수업료)을 초과하여 지급 가능
바. 학과별 배정인원 내에서 학과근로A 또는 B 타입 학과 자율 선발 가능
(예: 학과근로B 2명 = 학과근로A 1명)
사. 국가근로장학생 및 교내근로장학생에 선발되지 않은 자
2. 근로장학금 배정인원
가. 기본원칙: 전년도와 동일하게 배정
나. 학과근로장학생
1) 기본 배정: 학과(부)별 각 3명, 물리실험실 5명, 화학실험실 4명
2) 추가 배정: 2023학년도 2학기, 2024학년도 1학기 평균 재학생 비율에 따른 배정
※ 국제무역학과, 금융경제학과, 미디어경영학과 학과근로A 3명 배정(학과 자체예산)
3. 유의사항
가. 선발된 학생은 소속 부서에서 지정된 근로 시간 동안 근무해야 하며, 학기 중 학적변동
(휴학, 자퇴, 제적 등) 등 불가피한 사유가 인정되는 중도 포기 시 근로한 시간만 장학
금 지급
나. 2024년 12월 근로평가 전까지 교체 가능 (단, 교체 전 학생의 근로시간을 차감)
다. 교체 전·후 학생 모두 근로평가 실시
4. 예산사항
가. 시간당 장학금액을 9,860원으로 책정
장학금명
시간당
장학금액
총 근로시간(학기)
1인당
장학금액(원)
인원(명)
합계(원)
교내근로A
9,860원
16시간*20주=320시간
3,155,200
28
88,345,600
학과근로A
9,860원
10시간*20주=200시간
1,972,000
200
394,400,000
학과근로B
9,860원
5시간*20주=100시간
986,000
0
0
총계
228
482,745,600
※ 국제무역학과, 금융경제학과, 미디어경영학과 배정인원(학과 자체 예산) 미반영
나. 학과근로 A유형을 기준으로 배정하며,
학과별로 A:B=1:2 비율로 조정 가능
다. 재원: 교내장학금_학부 / 근로장학_비등
라. 지급일정: 매월 셋째주 금요일
5. 행정사항
가. 선발공고: 2024년 7월 31일(수)
나. 학생신청방법: u-SAINT포털→등록/장학→근로장학금 신청→지원서 출력/제출
다. 온라인신청 및 서류제출기간: 2024.8.1(목) 10:00 ~ 8. 9(금) 17:00
1)
제출서류: 지원서(u-SAINT 출력본, 본인서명 필수)
2)
제출장소: 교내근로(장학팀), 학과근로(조만식기념관 641호 국어국문학과 사무실)
마. 교내 및 학과근로장학생 최종선발 및 발표: 2024. 8. 23(금) 18:00 예정"
korean_language,백마성적우수장학생 선발 기준 안내(2024-2학기),N/A,2024-07-24,https://korlan.ssu.ac.kr/%ed%95%99%ea%b3%bc%ec%82%ac%eb%ac%b4%ec%8b%a4%ec%95%8c%eb%a6%bc/%ea%b3%b5%ec%a7%80%ec%82%ac%ed%95%ad/?term_id&slug=1759,"백마성적우수장학생 선발 기준을 공지드리오니 참고바랍니다.
A. 기본 자격요건(학교 전체 공통)
가. 2024학년도 2학기 국가장학금을 신청하여 소득분위 조회가 가능한 자
1) 1차 신청자에 한하여 등록금고지서 사전감면
2) 1차 미신청자 : 2차 신청/서류제출/구제신청 확인 후 사후지급
(2차 신청자 중 한국장학재단 구제신청기간에 구제신청 시 사후지급)
3) 국가장학금을 신청할 수 없는 대한민국 국적 미소지자도 선발 가능
(단, 순수외국인전형으로 입학한 외국인유학생은 선발 불가)
나. 2024학년도 2학기 재학 및 복학예정자로 해당학기 등록금 납부 예정인 자
1) 2024학년도 2학기 前등록휴학 후 복학시 선발대상에서 제외 (등록대체자)
2) 학기 중 미등록, 입학취소, 복학취소 등으로 인한 학적변동시 모든 장학금 취소
3) 선발 후, 학기 중 휴학 시 백마성적우수장학금은 복학학기로 이월
※ 복학 학기에 국가장학금 신청 의무
4) 추가 또는 교체선발 시 재학 중인 학생만 선발 가능 (휴학생에 대한 추가/교체 불가)
다. 직전학기 15학점 이상 이수한 자 (졸업 직전학기는 직전학기 12학점 이상)
라. 정규등록학기가 8학기 이내인 자 (건축학전공: 등록 10학기 이내인 자)
마. F학점 포함 학적부성적 기준 직전학기 3.8 이상인 자
바. 모든 교내장학금간 중복수혜 불가
1) 신청장학금 중 수혜금액이 큰 장학금 자동선발
2) 중복수혜 가능 장학금: 국가장학금, 교외장학금, 학업장려비 지원 목적 장학금 등
사. 졸업예정자 선발 불가(조기졸업 대상자 포함)
B. 국어국문학과 내부 자격요건
가. 학년별 수석에게 전액 지급, 차석에게 반액 지급이 원칙이나, 장학금액 구성 요건에 따라 25%까지 조정될 수 있음.
나. 국어국문학과 전공 과목을 최소 2과목 이상 수강했어야 함.
다. 위 조건을 모두 충족하더라도 A의 조건을 충족하지 못할 시 선발 대상 제외.
c. 2024-2학기 선발 예정 인원(총 8인)
가. 수업료 100% 지급- 각 학년별 수석 4인 선발
나. 수업료 25% 지급- 각 학년별 차석 4인 선발"
korean_language,2024학년도 2학기 학·석사 연계과정 지원 및 선발 안내,N/A,2024-05-27,https://korlan.ssu.ac.kr/%ed%95%99%ea%b3%bc%ec%82%ac%eb%ac%b4%ec%8b%a4%ec%95%8c%eb%a6%bc/%ea%b3%b5%ec%a7%80%ec%82%ac%ed%95%ad/?term_id&slug=1736,"2024학년도 2학기 학·석사연계과정 지원 및 선발을 아래와 안내합니다.
1. 지원기간 : 2024.06.03(월)~06.14(금)
2. 모집학과 : 학사과정과 석사과정에 동일(또는 유사)학과가 있는 학과(계약학과 제외)
3.지원자격 :
다음 각호 모두 해당되는 자
가. 지원일 당시 학사과정 4학기 이상 6학기 이내 재학 중(건축학부 건축학전공은 6학기 이상 8학기 이내 재학 중)인 자 (학·석사연계과정 신청자는 조기졸업 신청을 할 수 없음)
나. 재수강 이전 과목, 학점포기한 과목, F학점 과목 등을 포함한 전체 과목의 총평점평균이 3.0 / 4.5 이상인 자
다. 7학기 또는 8학기(건축학부 건축학 전공은 9학기 또는 10학기)에 학사과정의 졸업요건을 충족할 수 있는 자
라. 지원하고자 하는 일반대학원 학과 주임교수와 지도교수의 추천을 받은 자
마. 지원하고자 하는 일반대학원의 동일(또는 유사)학과를 주전공 또는 복수전공으로 하는자
4. 제출서류 및 지원방법
가. 학·석사연계과정 신청서 1부.
나. 대학원 교학팀으로 방문 접수(웨스트민스터홀 658호)
5. 선발인원 : 석사과정 입학정원의 20%
6. 발표일 : 2024.07.26(금) 예정 – 학과 및 개별통지
7. 관련안내
가. 대상 : 지원가능 대상자 및 학과
나. 방법 : 안내문 배포 및 대학원 홈페이지 공지
8. 문의처 : 대학원 교학팀(02-820.0258~9 , grad@ssu.ac.kr)"
korean_language,제10회 김현승 시문학상 개최 안내,N/A,2024-05-27,https://korlan.ssu.ac.kr/%ed%95%99%ea%b3%bc%ec%82%ac%eb%ac%b4%ec%8b%a4%ec%95%8c%eb%a6%bc/%ea%b3%b5%ec%a7%80%ec%82%ac%ed%95%ad/?term_id&slug=1728,"숭실대학교에서는 한국 시문학사에서 독보적인 위상을 갖는 다형 김현승 시인을 기리는 제10회 김현승 시문학상 응모작을 공모합니다.
평양 숭실전문 문과 학생이자 서울 숭실대학 문리대 교수였던 김현승 시인의 민족의식과 문학 정신을 계승하기 위한 김현승 시문학상에 많은 응모 바랍니다.
응모 기간 : 2024년 6월 3일 월요일 ~ 2024년 6월 14일 금요일
응모 자격 : 전국 대학(교) 학부생 및 대학원생
작품 주제 : 제한 없음
응모 작품 수 : 시 5편
응모 방법 : 전자우편 접수(신청 서류 첨부하여 제출)
– 메일주소: korlan@ssu.ac.kr로 신청기간 내에 제출
– 전자우편 발송 시 <메일 제목>과 <파일명>은 반드시
“[
응모
]
성명
–
대학명
”
으로 통일
예시: [응모] 김숭실-숭실대학교
– 제출 파일은 참가 신청서 1부 및 응모작품 5편을
하나의 파일
(알집 파일 x)로 만들어 제출
※
응모 방법 미준수 시 접수가 불가합니다
.
수상작 발표 : 2024년 7월 2일 화요일(숭실대학교 홈페이지/숭실대학교 국어국문학과 및 문예창작전공 홈페이지)
시상 내역
가. 당선작 1명, 상장 및 상금 (150만원)
나. 가작 2명, 상장 및 상금 (각 70만원)
■ 유의사항
응모작은 본인의 미발표 순수창작이어야 하며, 기발표 및 표절작품 확인시 무효 처리하고, 수상작 발표 이후에라도 확인이 되면 입상이 취소됩니다.
제출작은 반환하지 않으며, 수상작에 대한 제반 권한은 숭실대학교 김현승시문학상운영위원회에 귀속됩니다.
심사기준에 부합되는 응모작이 없을 경우 해당 수상작을 선정하지 않을 수 있습니다."
korean_language,제5회 백규 조규익 국어국문학 장학금 수여식 일정 안내,N/A,2024-03-18,https://korlan.ssu.ac.kr/%ed%95%99%ea%b3%bc%ec%82%ac%eb%ac%b4%ec%8b%a4%ec%95%8c%eb%a6%bc/%ea%b3%b5%ec%a7%80%ec%82%ac%ed%95%ad/?term_id&slug=1721,"국어국문학과에서는 조규익 교수님께서  ‘백규 조규익 국어국문학 장학금(백규 장학금)’을 제정하여 2022학년도 1학기부터 매 학기에
형편이 어려운 숭실대학교 국어국문학과 장학생을 선발하여 소정의 장학금을 전달하고 있습니다.
이번이 5회를 맞는 백규 조규익 장학금 수여식에서는
신한별(학부생 3학년)
김희선(박사 3학기)
두 사람이 선발되어 조규익 교수님께서 직접 제작하신 장학패를 수여하실 예정입니다.
이에따라 수여식 일정을 공지하니, 참석하셔서 많은 격려의 박수 부탁드립니다.
<제5회 백규 조규익 장학금 수여식>
일시: 2024.03.29.(금) 11:00~
장소: 숭실대학교 베어드홀 4층 대회의실"
korean_language,2024-1학기 논문계획서 및 졸업논문 제출 일정 안내,N/A,2024-03-11,https://korlan.ssu.ac.kr/%ed%95%99%ea%b3%bc%ec%82%ac%eb%ac%b4%ec%8b%a4%ec%95%8c%eb%a6%bc/%ea%b3%b5%ec%a7%80%ec%82%ac%ed%95%ad/?term_id&slug=1716,"안녕하세요. 국어국문학과 사무실에서 2024학년도 1학기 논문계획서 및 졸업논문 제출에 관하여 다음과 같이 알려드립니다.
1.
논문계획서
(
논문제목
,
지도교수
)
입력 및 결과 제출
가. 대상자 :
1) 7학기 이상 이수중인 재학생 중 계획서를 제출하지 않은 자
2) 수료생 중 졸업을 희망하는 자
나. 기간: 2024년 4월 30일(화)까지
다. 제출방법: 첨부파일의 양식을 받아서 작성 후 오프라인 제출(학과 사무실 조만식기념관 641호)
※ 취업, 코로나-19로 인한 자가격리 등의 사유가 있는 경우 학과사무실로
반드시 사전 연락
후 이메일 제출 가능.
라. 유의사항
논문 계획서와 다르게 논문을 제출하실 분들은 논문계획서를 다시 제출하셔야 합니다.
2.
졸업논문 제출
가. 대상자 :
1) 8학기 이상 이수중인 졸업예정자
2) 6~7학기 이수중인 조기졸업 대상자
3) 수료생 중 졸업을 희망하는 자
나. 기간: 2024년 5월 31일(금) 17:00까지
다. 제출방법: 스프링 제본을 완료한 논문을 오프라인(학과 사무실 조만식641호)으로 제출
라. 분량: 표지와 목차를 제외한, 논문규격에 맞춘 A4 용지 30장 내외
※ 조기취업 학생, 외국 거주중인 유학생에 한하여 학과사무실로
사전 연락 후
국어국문학과 이메일(korlan@ssu.ac.kr)로 제출 가능.
마. 제출기한
2024년 5월 31일(금) 17:00 이전까지 스프링 제본을 완료한 논문을 제출해야하며 이후 논문 제출 절대 불가. 5월 31일(금) 17:00 이후 제출자에게는 다음 학기에 논문을 제출하도록 안내할 예정.
취업 등으로 인하여 직접 제출이 불가한 자는 우편으로 송부 가능. 단, 학과사무실에서 논문을 수령한 시간이 5월 31일(금) 17:00 이전이어야 함.
※ 학과 이메일로 발송하는 경우에도 5월 31일 17:00이전까지 송부하는 논문만 인정
참고 : 지도교수 란은 자신이 쓰고 싶은 논문 주제와 맞는 해당 분야 전공 교수님 성함을 써주시기 바랍니다.
국어학(형태론, 통사론) : 오충연 교수님(※연구년으로 2023-2학기~2024-1학기 불가)
국어학(의미론, 화용론, 한국어교육) : 임채훈 교수님
고전문학 : 장경남 교수님
현대문학(현대시) : 엄경희 교수님(※휴직으로 2024-1학기~2024-2학기 불가)
현대문학(현대소설) : 이경재 교수님
3.
유의사항
가. 위에 명시된 제출 기한을 꼭 지켜주시기 바라며, 이후에는 받지 않습니다.
나. 논문계획서는 자필, 워드 모두 가능하며 논문은 반드시 스프링 제본을 마친 완본을 제출하셔야 합니다.
다. 논문 작성 시 반드시 정해진 규격을 준수해야 합니다.
라. 타인의 연구 자료를 무단으로 도용하거나 인터넷 이곳저곳에 있는 자료를 임의로 짜깁기하는 행위는 절대로 있어서는 안 되는 매우 부끄럽고 파렴치한 행위이며 범죄입니다. 여러분은 국어국문학과 학부 교과과정을 4년 동안 훌륭하게 이수한 학생입니다. 전공자의 기품과 실력에 어울리는 정직한 논문을 써주시기 바랍니다. 특히 인용한 내용에 대해서는 각주 및 참고문헌을 정확히 기재해 주시기 바랍니다. 부정이 발견되면 졸업하지 못합니다.
마. 자격증 및 수상실적으로 논문을 대체하는 논문 제출 마감일 전까지 자격증 사본을 꼭 제출해 주시기 바랍니다.
바. 자격증 및 수상실적으로 논문을 대체하는 학생도 논문계획서는 기간 내에 꼭 제출해 주셔야 합니다.
사. 논문 대체를 위한 자격증 및 수상실적 범위는 학과 홈페이지의 내규를 참고해 주세요. 논문 제목이 바뀐 분들도 논문 계획서를 다시 제출하셔야 합니다.
※ 논문계획서양식 혹은 논문양식 워드(docx) 파일이 필요하신 경우, 학과사무실로 문의 부탁드립니다.(홈페이지 문제로 워드파일이 업로드되지 않음)"
korean_language,2024-1학기 제5회 백규 조규익 국어국문학 장학금 선발 안내,N/A,2024-02-26,https://korlan.ssu.ac.kr/%ed%95%99%ea%b3%bc%ec%82%ac%eb%ac%b4%ec%8b%a4%ec%95%8c%eb%a6%bc/%ea%b3%b5%ec%a7%80%ec%82%ac%ed%95%ad/?term_id&slug=1709,"국어국문학과 명예교수님이신 조규익 교수님께서 ‘백규 조규익 국어국문학 장학금’을 출연하셨습니다.
가정형편이 어려운 학생들의 짐을 조금이나마 덜어 주고자 하시는 조규익 교수님의 뜻에 따라 대상자를 선발하고자 하니,
아래의 사항에 맞추어 관련 서류를 학과사무실(조만식기념관 641호)로 제출해 주시기 바랍니다.
1. 장학금 명칭 : 백규 조규익 국어국문학 장학금(약칭 ‘백규 장학금’)
2. 대상
가. 국어국문학과 2024-1학기 재학생(8학기 이내의 정규학기 재학생만 해당) 중 직전학기 평점평균 B0(3.3) 이상인 자, 국어국문학과 내국인 박사과정 재학생
나. 가정형편이 어려운 학생(본 장학금은 생활비지원 성격으로 지급될 예정으로, 국가장학금과 중복 수혜 가능)
다. 제출서류 : 세대주의 건강보험납부확인서(의료보험납부확인서) 1부.
– 납부확인서와 국가장학금 소득분위를 종합적으로 판단하여 학과에서 선발할 예정임.
– 제출서류는 선발절차 후 개인정보 보호를 위해 파기할 예정.
라. 선발인원 : 학부생 1인+박사과정생 1인
마. 지급금액 :  1인당 300만원
바. 본 장학금의 선발 횟수는 1회로 제한되며, 이번 학기 선발시 이후 신청하더라도 수여대상에서 제외됨.
3. 제출기한 : 3.8(금) 17:00까지 오프라인 제출
4. 장학금 선발자에게는 조규익 교수님께서 기념패를 함께 수여하실 예정이므로, 추후 예정된 수여행사에 반드시 참석하여야 합니다.
관련문의) 국어국문학과 사무실(02-820-0320)"
korean_language,백마성적우수장학생 선발 기준 안내(2024-1학기),N/A,2024-01-25,https://korlan.ssu.ac.kr/%ed%95%99%ea%b3%bc%ec%82%ac%eb%ac%b4%ec%8b%a4%ec%95%8c%eb%a6%bc/%ea%b3%b5%ec%a7%80%ec%82%ac%ed%95%ad/?term_id&slug=1705,"백마성적우수장학생 선발 기준을 공지드리오니 참고바랍니다.
A. 기본 자격요건(학교 전체 공통)
가. 2024학년도 1학기 국가장학금을 신청하여 소득분위 조회가 가능한 자
1) 1차 신청자에 한하여 등록금고지서 사전감면
2) 1차 미신청자 : 2차 신청/서류제출/구제신청 확인 후 사후지급
(2차 신청자 중 한국장학재단 구제신청기간에 구제신청 시 사후지급)
3) 국가장학금을 신청할 수 없는 대한민국 국적 미소지자도 선발 가능
(단, 순수외국인전형으로 입학한 외국인유학생은 선발 불가)
나. 2024학년도 1학기 재학 및 복학예정자로 해당학기 등록금 납부 예정인 자
1) 2024학년도 1학기 前등록휴학 후 복학시 선발대상에서 제외 (등록대체자)
2) 학기 중 미등록, 입학취소, 복학취소 등으로 인한 학적변동시 모든 장학금 취소
3) 선발 후, 학기 중 휴학 시 백마성적우수장학금은 복학학기로 이월
※ 추가 또는 교체선발 시 재학 중인 학생만 선발 (휴학생에 대한 추가/교체 불가)
다. 직전학기 15학점 이상 이수한 자 (졸업 직전학기는 직전학기 12학점 이상)
라. 등록학기가 8학기 이내인 자 (건축학전공: 등록 10학기 이내인 자)
마. F학점 포함 학적부성적 기준 직전학기 3.8 이상인 자
바. 모든 교내장학금간 중복수혜 불가
1) 신청장학금 중 수혜금액이 큰 장학금 자동선발
2) 중복수혜 가능 장학금: 국가장학금, 교외장학금, 학업장려비 지원 목적 장학금 등
B. 국어국문학과 내부 자격요건
가. 학년별 수석에게 전액 지급, 차석에게 반액 지급이 원칙이나, 장학금액 구성 요건에 따라 25%까지 조정될 수 있음.
나. 국어국문학과 전공 과목을 최소 2과목 이상 수강했어야 함.
다. 위 조건을 모두 충족하더라도 A의 조건을 충족하지 못할 시 선발 대상 제외.
c. 2024-1학기 선발 예정 인원(총 14인)
가. 수업료 100% 지급- 전체학년 수석 1인 선발
나. 수업료 50% 지급- (전체학년 수석을 제외한)각 학년별 수석 4인 선발
다. 수업료 25% 지급- 전체 석차 중, (전체학년, 각 학년별 수석 제외) 본교 장학팀 배정 인원까지 상위부터 9인 선발"
korean_language,2024학년도 1학기 학석사연계과정 지원 및 선발 안내,N/A,2023-11-14,https://korlan.ssu.ac.kr/%ed%95%99%ea%b3%bc%ec%82%ac%eb%ac%b4%ec%8b%a4%ec%95%8c%eb%a6%bc/%ea%b3%b5%ec%a7%80%ec%82%ac%ed%95%ad/?term_id&slug=1698,"1. 지원기간 : 2023년 12월 4일(월)~12월 15일(금)
2. 모집학과 : 학사과정과 석사과정에 동일(또는 유사)학과가 있는 학과(계약학과 제외)
3. 지원자격 :다음 각호 모두에 해당되는 자
가. 지원일 당시 학사과정 4학기 이상 6학기 이내 재학중(건축학부 건축학전공은 6학기 이상 8학기 이내 재학중)인자 (학·석사연계과정 신청자는 조기졸업 신청을 할 수 없음)
나. 재수강 이전 과목, 학점포기한 과목, F학점 과목 등을 포함한 전체 과목의 총평점평균이 3.0 / 4.5 이상인 자
다. 7학기 또는 8학기(건축학부 건축학 전공은 9학기 또는 10학기)에 학사과정의 졸업요건을 충족할 수 있는 자
라. 지원하고자 하는 일반대학원 학과 주임교수와 지도교수의 추천을 받은 자
마. 지원하고자 하는 일반대학원의 동일(또는 유사)학과를 주전공 또는 복수전공으로 하는자(부전공, 연계전공은 해당 없음)
4. 제출서류 및 지원방법
가. 학·석사연계과정신청서 1부.
나. 대학원 교학팀으로 방문 접수(웨스트민스터홀 658호)
5. 선발인원 : 석사과정 입학정원의 20%
6. 발표일 : 2024년 1월 26일(금) 예정 – 학과 및 개별 통지
기타사항은 첨부해 드리는 안내문을 참고하시기 바랍니다."
korean_language,2023학년도 숭실문화상 응모 안내(제50회 다형문학상 및 제49회 이당논문상),N/A,2023-11-14,https://korlan.ssu.ac.kr/%ed%95%99%ea%b3%bc%ec%82%ac%eb%ac%b4%ec%8b%a4%ec%95%8c%eb%a6%bc/%ea%b3%b5%ec%a7%80%ec%82%ac%ed%95%ad/?term_id&slug=1696,"∎ 공모부문 및 작품분량
∘ 제50회 다형(김현승) 문학상
□ 시: 3편 이상
□ 소설, 평론, 드라마(희곡, 시나리오): 200자 원고지 80매 내외
∘ 제49회 이당(안병욱) 논문상
□ 인문·사회과학을 주제로 한 논문: 200자 원고지 50매 내외
∎ 응모자격: 학부생(재학생에 한함)
∎ 접수기간: 2023.11.02.(목) ~ 11.19.(일) 17:00까지
∎ 시상식: 2023.11.30.(목) 15:00(예정) [베어드홀 4층 회의실]
∎ 제출양식: 작품을 한글파일로 작성하여 이메일(
ssnews@ssu.ac.kr
) 전송 또는 직접 숭대시보 편집국(학생회관 207호)으로 방문하여 제출 (소속 학과[부], 학년, 학번 및 연락처 반드시 명기 바람)
*
각 공모부문의 출품작은 다른 공모전에 출품했거나 수상했던 작품은 응모할 수 없으며
,
추후 사실관계가 확인될 경우에는 수상이 취소됨
∎ 시상내역: 각 부문별 당선작 1편, 가작 1편
∘ 시상부문: 시, 소설, 평론, 드라마(희곡, 시나리오), 이당논문상
∘ 상장: 숭실대학교 총장 명의
∘ 상금
□ 당선작: 500,000원
□ 가 작: 300,000원
∎ 당선작 발표: 2023.12.04.(월) 발행 〈숭대시보〉(제1326호)에 게재
∎ 작품 제출처 및 문의처
∘ 제출처: 숭대시보 편집국(학생회관 207호) /
ssnews@ssu.ac.kr
∘ 문의처: 숭대시보 편집국(☎ 820-0762, 0766) / 신문방송국 담당자(☎820-0064)
∎ 숭실문화상 소개
∘ 다형문학상
우리 대학 동문이며 교수를 역임한 다형(茶兄) 김현승(金顯承) 시인이 한국문단에 남긴 업적을 기리고, 학생들의 시·창작 소질을 계발하여 숭실의 문예전통을 계승할 목적으로 1973년부터 “다형 시·문학상” 제도를 시행해 오다가, 1981년에 “다형문학상”으로 그 명칭을 변경하고 시, 소설, 평론, 드라마(희곡. 시나리오)의 4개 부문으로 확대 운영하게 되었으며, 2023년 현재 제 50회에 이르고 있다.
∘ 이당논문상
1974년부터 우리 대학 교수를 역임하고 한국사상계에 커다란 업적을 쌓은 이당(怡堂) 안병욱(安秉煜) 교수의 공로를 기리며, 본교 학생의 앞선 시대정신을 확산하고 면학 풍토 진작을 목적으로 이당논문상(인문·사회분야 논문) 제정해 운영하고 있으며, 2023년 현재 제49회에 이르고 있다.
국어국문학과에서는 숭실문화상(다형문학상/이당논문상) 상장을 졸업요건으로 인정하고 있습니다.
학우분들의 많은 관심과 참여를 부탁드립니다."
korean_language,제4회 백규 조규익 국어국문학 장학금 수여식 일정 안내,N/A,2023-09-05,https://korlan.ssu.ac.kr/%ed%95%99%ea%b3%bc%ec%82%ac%eb%ac%b4%ec%8b%a4%ec%95%8c%eb%a6%bc/%ea%b3%b5%ec%a7%80%ec%82%ac%ed%95%ad/?term_id&slug=1689,"국어국문학과에서는 조규익 교수님께서  ‘백규 조규익 국어국문학 장학금(백규 장학금)’을 제정하여 2022학년도 1학기부터 매 학기에
형편이 어려운 숭실대학교 국어국문학과 장학생을 선발하여 소정의 장학금을 전달하고 있습니다.
이번이 4회를 맞는 백규 조규익 장학금 수여식에서는
장영은(학부생 1학년)
국혜민(박사 1학기)
두 사람이 선발되어 조규익 교수님께서 직접 제작하신 장학패를 수여하실 예정입니다.
이에따라 수여식 일정을 공지하니, 참석하셔서 많은 격려의 박수 부탁드립니다.
<제3회 백규 조규익 장학금 수여식>
일시: 2023.09.08.(금) 14:00~
장소: 숭실대학교 조만식기념관 4층 인문대 세미나실(401호)"
korean_language,2023-2학기 논문계획서 및 졸업논문 제출 일정 안내,N/A,2023-09-05,https://korlan.ssu.ac.kr/%ed%95%99%ea%b3%bc%ec%82%ac%eb%ac%b4%ec%8b%a4%ec%95%8c%eb%a6%bc/%ea%b3%b5%ec%a7%80%ec%82%ac%ed%95%ad/?term_id&slug=1682,"안녕하세요. 국어국문학과 사무실에서 2023학년도 2학기 논문계획서 및 졸업논문 제출에 관하여 다음과 같이 알려드립니다.
1.
논문계획서
(
논문제목
,
지도교수
)
입력 및 결과 제출
가. 대상자 :
1) 7학기 이상 이수중인 재학생 및 8학기 재학생 중 계획서를 제출하지 않은 자
2) 수료생 중 졸업예정자 신청을 한 자
나. 기간: 2023년 10월 27일(금)까지
다. 제출방법: 첨부파일의 양식을 받아서 작성 후 오프라인 제출(학과 사무실 조만식기념관 641호)
※ 취업, 코로나-19로 인한 자가격리 등의 사유가 있는 경우 학과사무실로
사전 연락
후 이메일 제출 가능.
라. 유의사항
2023년 9월 5일 기준의 7,8학기 이수 이상 재학생 및 수료생의 논문계획서 제출여부는 학과사무실을 통해 확인하세요. 기존 논문 계획서와 다르게 논문을 제출하실 분들도 논문계획서를 다시 제출하시면 됩니다.
2.
졸업논문 제출
가. 대상자 :
1) 8학기 이상 이수중인 졸업예정자
2) 6~7학기 이수중인 조기졸업 대상자
3) 수료생 중 졸업예정자 신청을 한 자
나. 기간: 2023년 11월 30일(목) 17:00까지
다. 제출방법: 스프링 제본을 완료한 논문을 오프라인(학과 사무실 조만식641호)으로 제출
라. 분량: 표지와 목차를 제외한, 논문규격에 맞춘 A4 용지 30장 내외
※ 조기취업 학생, 외국 거주중인 유학생에 한하여 학과사무실로
사전 연락 후
국어국문학과 이메일(korlan@ssu.ac.kr)로 제출 가능.
※ 분량 준수
마. 제출기한
2023년 11월 30일(목) 17:00 이전까지 스프링 제본을 완료한 논문을 제출해야하며 이후 논문 제출 절대 불가. 11월 30일(목) 17:00 이후 제출자에게는 다음 학기에 논문을 제출하도록 안내할 예정.
취업 등으로 인하여 직접 제출이 불가한 자는 우편으로 송부 가능. 단, 학과사무실에서 논문을 수령한 시간이 11월 30일(목) 17:00 이전이어야 함.
※ 학과 이메일로 발송하는 경우에도 11월 30일 17:00이전까지 송부하는 논문만 인정
참고 : 지도교수 란은 자신이 쓰고 싶은 논문 주제와 맞는 해당 분야 전공 교수님 성함을 써주시기 바랍니다.
국어학(형태론, 통사론) : 오충연 교수님(
※
연구년으로 2023-2학기~2024-1학기 불가
)
국어학(의미론, 화용론, 한국어교육) : 임채훈 교수님
고전문학 : 장경남 교수님
현대문학(현대시) : 엄경희 교수님
현대문학(현대소설) : 이경재 교수님
3.
유의사항
가. 위에 명시된 제출 기한을 꼭 지켜주시기 바라며, 이후에는 받지 않습니다.
나. 논문계획서는 자필, 워드 모두 가능하며 논문은 반드시 스프링 제본을 마친 완본을 제출하셔야 합니다.
다. 논문 작성 시 반드시 정해진 규격을 준수해야 합니다.
라. 타인의 연구 자료를 무단으로 도용하거나 인터넷 이곳저곳에 있는 자료를 임의로 짜깁기하는 행위는 절대로 있어서는 안 되는 매우 부끄럽고 파렴치한 행위이며 범죄입니다. 여러분은 국어국문학과 학부 교과과정을 4년 동안 훌륭하게 이수한 학생입니다. 전공자의 기품과 실력에 어울리는 정직한 논문을 써주시기 바랍니다. 특히 인용한 내용에 대해서는 각주 및 참고문헌을 정확히 기재해 주시기 바랍니다. 부정이 발견되면 졸업하지 못합니다.
마. 자격증 및 수상실적으로 논문을 대체하는 논문 제출 마감일 전까지 자격증 사본을 꼭 제출해 주시기 바랍니다.
바. 자격증 및 수상실적으로 논문을 대체하는 학생도 논문계획서는 기간 내에 꼭 제출해 주셔야 합니다.
사. 논문 대체를 위한 자격증 및 수상실적 범위는 학과 홈페이지의 내규를 참고해 주세요. 논문 제목이 바뀐 분들도 논문 계획서를 다시 제출하셔야 합니다."
korean_language,2023-2학기 백규 조규익 국어국문학 장학금 선발 안내,N/A,2023-08-18,https://korlan.ssu.ac.kr/%ed%95%99%ea%b3%bc%ec%82%ac%eb%ac%b4%ec%8b%a4%ec%95%8c%eb%a6%bc/%ea%b3%b5%ec%a7%80%ec%82%ac%ed%95%ad/?term_id&slug=1679,"국어국문학과 조규익 교수님께서 ‘백규 조규익 국어국문학 장학금’을 출연하셨습니다.
가정형편이 어려운 학생들의 짐을 조금이나마 덜어 주고자 하시는 조규익 교수님의 뜻에 따라 대상자를 선발하고자 하니,
아래의 사항에 맞추어 관련 서류를 학과사무실(조만식기념관 641호)로 제출해 주시기 바랍니다.
1. 장학금 명칭 : 백규 조규익 국어국문학 장학금(약칭 ‘백규 장학금’)
2. 대상
가. 국어국문학과 2023-2학기 재학생(8학기 이내의 정규학기 재학생만 해당) 중 직전학기 평점평균 B0(3.3) 이상인 자, 국어국문학과 내국인 박사과정 재학생
나. 가정형편이 어려운 학생(본 장학금은 생활비지원 성격으로 지급될 예정으로, 국가장학금과 중복 수혜 가능)
다. 제출서류 : 세대주의 건강보험납부확인서(의료보험납부확인서) 1부.
– 납부확인서와 국가장학금 소득분위를 종합적으로 판단하여 학과에서 선발할 예정임.
– 제출서류는 선발절차 후 개인정보 보호를 위해 파기할 예정.
라. 선발인원 : 학부생 1인+박사과정생 1인
마. 지급금액 :  1인당 300만원
바. 본 장학금의 선발 횟수는 1회로 제한되며, 이번 학기 선발시 이후 신청하더라도 수여대상에서 제외됨.
3. 제출기한 : 8.24(목) 17:00까지
4.
장학금 선발자에게는 조규익 교수님께서 기념패를 함께 수여하실 예정이므로, 추후 예정된 수여행사에 반드시 참석하여야 합니다.
관련문의) 국어국문학과 사무실(02-820-0320)"
korean_language,백마성적우수장학생 선발 기준 안내(2023-2학기),N/A,2023-07-26,https://korlan.ssu.ac.kr/%ed%95%99%ea%b3%bc%ec%82%ac%eb%ac%b4%ec%8b%a4%ec%95%8c%eb%a6%bc/%ea%b3%b5%ec%a7%80%ec%82%ac%ed%95%ad/?term_id&slug=1675,"백마성적우수장학생 선발 기준을 공지드리오니 참고바랍니다.
A. 기본 자격요건(학교 전체 공통)
가. 2023학년도 2학기 국가장학금을 신청하여 소득분위 조회가 가능한 자
1) 1차 신청자에 한하여 등록금고지서 사전감면
2) 1차 미신청자 : 2차 신청/서류제출/구제신청 확인 후 사후지급
(2차 신청자 중 한국장학재단 구제신청기간에 구제신청 시 사후지급)
3) 국가장학금을 신청할 수 없는 대한민국 국적 미소지자도 선발 가능
(단, 순수외국인전형으로 입학한 외국인유학생은 선발 불가)
나. 2023학년도 2학기 재학 및 복학예정자로 해당학기 등록금 납부 예정인 자
1) 2023학년도 2학기 前등록휴학 후 복학시 선발대상에서 제외 (등록대체자)
2) 학기 중 미등록, 입학취소, 복학취소 등으로 인한 학적변동시 모든 장학금 취소
3) 선발 후, 학기 중 휴학 시 백마성적우수장학금은 복학학기로 이월
※ 추가 또는 교체선발 시 재학 중인 학생만 선발 (휴학생에 대한 추가/교체 불가)
다. 직전학기 15학점 이상 이수한 자 (졸업 직전학기는 직전학기 12학점 이상)
라. 등록학기가 8학기 이내인 자 (건축학전공: 등록 10학기 이내인 자)
마. F학점 포함 학적부성적 기준 직전학기 3.5 이상인 자
바. 모든 교내장학금간 중복수혜 불가
1) 신청장학금 중 수혜금액이 큰 장학금 자동선발
2) 중복수혜 가능 장학금: 국가장학금, 교외장학금, 학업장려비 지원 목적 장학금 등
B. 국어국문학과 내부 자격요건
가. 학년별 수석에게 전액 지급, 차석에게 반액 지급이 원칙이나, 장학금액 구성 요건에 따라 25%까지 조정될 수 있음.
나. 국어국문학과 전공 과목을 최소 2과목 이상 수강했어야 함.
다. 위 조건을 모두 충족하더라도 A의 조건을 충족하지 못할 시 선발 대상 제외.
c
. 2023-2학기 선발 예정 인원(총 14인)
가. 수업료 100% 지급- 전체학년 수석 1인 선발
나. 수업료 50% 지급- (전체학년 수석을 제외한)각 학년별 수석 4인 선발
다. 수업료 25% 지급- 전체 석차 중, (전체학년, 각 학년별 수석 제외) 본교 장학팀 배정 인원까지 상위부터 9인 선발"
korean_language,제9회 김현승시문학상 수상작 심사평,N/A,2023-06-08,https://korlan.ssu.ac.kr/%ed%95%99%ea%b3%bc%ec%82%ac%eb%ac%b4%ec%8b%a4%ec%95%8c%eb%a6%bc/%ea%b3%b5%ec%a7%80%ec%82%ac%ed%95%ad/?term_id&slug=1668,"제9회 김현승시문학상 수상작 심사평을 게시합니다.
다시 한 번 축하드립니다."
korean_language,제9회 김현승시문학상 수상작 발표,N/A,2023-06-05,https://korlan.ssu.ac.kr/%ed%95%99%ea%b3%bc%ec%82%ac%eb%ac%b4%ec%8b%a4%ec%95%8c%eb%a6%bc/%ea%b3%b5%ec%a7%80%ec%82%ac%ed%95%ad/?term_id&slug=1666,"제9회 김현승시문학상 수상작은 다음과 같습니다.
당선작 : <“그리워하면 안되는, 그리워할 수 없는 이를 그리워한다는 것.”>
김해랑(숭실대학교 글로벌통상학과 2학년)
가작 : <봄비>
장대성(단국대학교 문예창작학과 4학년)
가작 : <도넛의 기억>
김혜나(명지대학교 문예창작학과 2학년)
시상식 등의 일정은 수상자에게 개별적으로 공지할 예정입니다.
축하드립니다."
korean_language,제3회 백규 조규익 국어국문학 장학금 수여식 일정 안내,N/A,2023-03-29,https://korlan.ssu.ac.kr/%ed%95%99%ea%b3%bc%ec%82%ac%eb%ac%b4%ec%8b%a4%ec%95%8c%eb%a6%bc/%ea%b3%b5%ec%a7%80%ec%82%ac%ed%95%ad/?term_id&slug=1653,"국어국문학과에서는 조규익 교수님께서  ‘백규 조규익 국어국문학 장학금(백규 장학금)’을 제정하여 2022학년도 1학기부터 매 학기에
형편이 어려운 숭실대학교 국어국문학과 장학생을 선발하여 소정의 장학금을 전달하고 있습니다.
이번이 3회를 맞는 백규 조규익 장학금 수여식에서는
장문경(학부생 4학년)
이찬희(박사 1학기)
두 사람이 선발되어 조규익 교수님께서 직접 제작하신 장학패를 수여하실 예정입니다.
이에따라 수여식 일정을 공지하니, 참석하셔서 많은 격려의 박수 부탁드립니다.
<제3회 백규 조규익 장학금 수여식>
일시: 2023.03.31.(금) 15:30~
장소: 숭실대학교 베어드홀 4층 회의실"
korean_language,2023-1학기 논문계획서 및 졸업논문 제출 일정 안내,N/A,2023-03-14,https://korlan.ssu.ac.kr/%ed%95%99%ea%b3%bc%ec%82%ac%eb%ac%b4%ec%8b%a4%ec%95%8c%eb%a6%bc/%ea%b3%b5%ec%a7%80%ec%82%ac%ed%95%ad/?term_id&slug=1649,"안녕하세요. 국어국문학과 사무실에서 2023학년도 1학기 논문계획서 및 졸업논문 제출에 관하여 다음과 같이 알려드립니다.
1.
논문계획서
(
논문제목
,
지도교수
)
입력 및 결과 제출
가. 대상자 :
1) 7학기 이상 이수중인 재학생 중 계획서를 제출하지 않은 자
2) 수료생 중 졸업을 희망하는 자
나. 기간: 2023년 4월 28일(금)까지
다. 제출방법: 첨부파일의 양식을 받아서 작성 후 오프라인 제출(학과 사무실 조만식기념관 641호)
※ 취업, 코로나-19로 인한 자가격리 등의 사유가 있는 경우 학과사무실로
사전 연락
후 이메일 제출 가능.
라. 유의사항
논문 계획서와 다르게 논문을 제출하실 분들은 논문계획서를 다시 제출하셔야 합니다.
2.
졸업논문 제출
가. 대상자 :
1) 8학기 이상 이수중인 졸업예정자
2) 6~7학기 이수중인 조기졸업 대상자
3) 수료생 중 졸업을 희망하는 자
나. 기간: 2023년 5월 31일(수) 17:00까지
다. 제출방법: 스프링 제본을 완료한 논문을 오프라인(학과 사무실 조만식641호)으로 제출
라. 분량: 표지와 목차를 제외한, 논문규격에 맞춘 A4 용지 30장 내외
※ 조기취업 학생, 외국 거주중인 유학생에 한하여 학과사무실로
사전 연락 후
국어국문학과 이메일(korlan@ssu.ac.kr)로 제출 가능.
마. 제출기한
2023년 5월 31일(수) 17:00 이전까지 스프링 제본을 완료한 논문을 제출해야하며 이후 논문 제출 절대 불가. 5월 31일(수) 17:00 이후 제출자에게는 다음 학기에 논문을 제출하도록 안내할 예정.
취업 등으로 인하여 직접 제출이 불가한 자는 우편으로 송부 가능. 단, 학과사무실에서 논문을 수령한 시간이 5월 31일(수) 17:00 이전이어야 함.
※ 학과 이메일로 발송하는 경우에도 5월 31일 17:00이전까지 송부하는 논문만 인정
참고 : 지도교수 란은 자신이 쓰고 싶은 논문 주제와 맞는 해당 분야 전공 교수님 성함을 써주시기 바랍니다.
국어학(형태론, 통사론) : 오충연 교수님
국어학(의미론, 화용론, 한국어교육) : 임채훈 교수님
고전문학 : 장경남 교수님
현대문학(현대시) : 엄경희 교수님
현대문학(현대소설) : 이경재 교수님
3.
유의사항
가. 위에 명시된 제출 기한을 꼭 지켜주시기 바라며, 이후에는 받지 않습니다.
나. 논문계획서는 자필, 워드 모두 가능하며 논문은 반드시 스프링 제본을 마친 완본을 제출하셔야 합니다.
다. 논문 작성 시 반드시 정해진 규격을 준수해야 합니다.
라. 타인의 연구 자료를 무단으로 도용하거나 인터넷 이곳저곳에 있는 자료를 임의로 짜깁기하는 행위는 절대로 있어서는 안 되는 매우 부끄럽고 파렴치한 행위이며 범죄입니다. 여러분은 국어국문학과 학부 교과과정을 4년 동안 훌륭하게 이수한 학생입니다. 전공자의 기품과 실력에 어울리는 정직한 논문을 써주시기 바랍니다. 특히 인용한 내용에 대해서는 각주 및 참고문헌을 정확히 기재해 주시기 바랍니다. 부정이 발견되면 졸업하지 못합니다.
마. 자격증 및 수상실적으로 논문을 대체하는 논문 제출 마감일 전까지 자격증 사본을 꼭 제출해 주시기 바랍니다.
바. 자격증 및 수상실적으로 논문을 대체하는 학생도 논문계획서는 기간 내에 꼭 제출해 주셔야 합니다.
사. 논문 대체를 위한 자격증 및 수상실적 범위는 학과 홈페이지의 내규를 참고해 주세요. 논문 제목이 바뀐 분들도 논문 계획서를 다시 제출하셔야 합니다.
※ 논문계획서양식 혹은 논문양식 워드(docx) 파일이 필요하신 경우, 학과사무실로 문의 부탁드립니다.(홈페이지 문제로 워드파일이 업로드되지 않음)"
korean_language,2023-1학기 백규 조규익 국어국문학 장학금 선발 안내,N/A,2023-03-03,https://korlan.ssu.ac.kr/%ed%95%99%ea%b3%bc%ec%82%ac%eb%ac%b4%ec%8b%a4%ec%95%8c%eb%a6%bc/%ea%b3%b5%ec%a7%80%ec%82%ac%ed%95%ad/?term_id&slug=1643,"국어국문학과 조규익 교수님께서 ‘백규 조규익 국어국문학 장학금’을 출연하셨습니다.
가정형편이 어려운 학생들의 짐을 조금이나마 덜어 주고자 하시는 조규익 교수님의 뜻에 따라 대상자를 선발하고자 하니,
아래의 사항에 맞추어 관련 서류를 학과사무실(조만식기념관 641호)로 제출해 주시기 바랍니다.
1. 장학금 명칭 : 백규 조규익 국어국문학 장학금(약칭 ‘백규 장학금’)
2. 대상
가. 국어국문학과 2023-1학기 재학생(8학기 이내의 정규학기 재학생만 해당) 중 직전학기 평점평균 B0(3.3) 이상인 자, 국어국문학과 내국인 박사과정 재학생
나. 가정형편이 어려운 학생(본 장학금은 생활비지원 성격으로 지급될 예정으로, 국가장학금과 중복 수혜 가능)
다. 제출서류 : 세대주의 건강보험납부확인서(의료보험납부확인서) 1부.
– 납부확인서와 국가장학금 소득분위를 종합적으로 판단하여 학과에서 선발할 예정임.
– 제출서류는 선발절차 후 개인정보 보호를 위해 파기할 예정.
라. 선발인원 : 학부생 1인+박사과정생 1인
마. 지급금액 :  1인당 300만원
바. 본 장학금의 선발 횟수는 1회로 제한되며, 이번 학기 선발시 이후 신청하더라도 수여대상에서 제외됨.
3. 제출기한 : 3.10(금) 11:00까지
4. 장학금 선발자에게는 조규익 교수님께서 기념패를 함께 수여하실 예정이므로, 추후 예정된 수여행사에 반드시 참석하여야 합니다.
관련문의) 국어국문학과 사무실(02-820-0320)"
korean_language,2022-2학기 졸업논문계획서 및 졸업논문 제출 안내,N/A,2022-09-07,https://korlan.ssu.ac.kr/%ed%95%99%ea%b3%bc%ec%82%ac%eb%ac%b4%ec%8b%a4%ec%95%8c%eb%a6%bc/%ea%b3%b5%ec%a7%80%ec%82%ac%ed%95%ad/?term_id&slug=1621,"안녕하세요. 국어국문학과 사무실에서 2022학년도 2학기 논문계획서 및 졸업논문 제출에 관하여 다음과 같이 알려드립니다.
1.
논문계획서
(
논문제목
,
지도교수
)
입력 및 결과 제출
가. 대상자 :
1) 7학기 이상 이수중인 재학생 및 8학기 재학생 중 계획서를 제출하지 않은 자
2) 수료생 중 졸업예정자 신청을 한 자
나. 기간: 2022년 10월 28일(금)까지
다. 제출방법: 첨부파일의 양식을 받아서 작성 후 오프라인 제출(학과 사무실 조만식기념관 641호)
※ 취업, 코로나-19로 인한 자가격리 등의 사유가 있는 경우 학과사무실로
사전 연락
후 이메일 제출 가능.
라. 유의사항
2022년 9월 7일 기준의 7,8학기 이수 이상 재학생 및 수료생의 논문계획서 제출여부를 첨부한 엑셀 파일을 통해 확인하세요. 논문 계획서와 다르게 논문을 제출하실 분들도 논문계획서를 다시 제출하시면 됩니다.
2.
졸업논문 제출
가. 대상자 :
1) 8학기 이상 이수중인 졸업예정자
2) 6~7학기 이수중인 조기졸업 대상자
3) 수료생 중 졸업예정자 신청을 한 자
나. 기간: 2022년 11월 30일(수) 17:00까지
다. 제출방법: 스프링 제본을 완료한 논문을 오프라인(학과 사무실 조만식641호)으로 제출
라. 분량: 표지와 목차를 제외한, 논문규격에 맞춘 A4 용지 30장 내외
※ 조기취업 학생, 외국 거주중인 유학생에 한하여 학과사무실로
사전 연락 후
국어국문학과 이메일(korlan@ssu.ac.kr)로 제출 가능.
마. 제출기한
2022년 11월 30일(수) 17:00 이전까지 스프링 제본을 완료한 논문을 제출해야하며 이후 논문 제출 절대 불가. 11월 30일(수) 17:00 이후 제출자에게는 다음 학기에 논문을 제출하도록 안내할 예정.
취업 등으로 인하여 직접 제출이 불가한 자는 우편으로 송부 가능. 단, 학과사무실에서 논문을 수령한 시간이 11월 30일(수) 17:00 이전이어야 함.
※ 학과 이메일로 발송하는 경우에도 11월 30일 17:00이전까지 송부하는 논문만 인정
참고 : 지도교수 란은 자신이 쓰고 싶은 논문 주제와 맞는 해당 분야 전공 교수님 성함을 써주시기 바랍니다.
국어학(형태론, 통사론) : 오충연 교수님
국어학(의미론, 화용론, 한국어교육) : 임채훈 교수님
고전문학 : 장경남 교수님
현대문학(현대시) : 엄경희 교수님
현대문학(현대소설) : 이경재 교수님
3.
유의사항
가. 위에 명시된 제출 기한을 꼭 지켜주시기 바라며, 이후에는 받지 않습니다.
나. 논문계획서는 자필, 워드 모두 가능하며 논문은 반드시 스프링 제본을 마친 완본을 제출하셔야 합니다.
다. 논문 작성 시 반드시 정해진 규격을 준수해야 합니다.
라. 타인의 연구 자료를 무단으로 도용하거나 인터넷 이곳저곳에 있는 자료를 임의로 짜깁기하는 행위는 절대로 있어서는 안 되는 매우 부끄럽고 파렴치한 행위이며 범죄입니다. 여러분은 국어국문학과 학부 교과과정을 4년 동안 훌륭하게 이수한 학생입니다. 전공자의 기품과 실력에 어울리는 정직한 논문을 써주시기 바랍니다. 특히 인용한 내용에 대해서는 각주 및 참고문헌을 정확히 기재해 주시기 바랍니다. 부정이 발견되면 졸업하지 못합니다.
마. 자격증 및 수상실적으로 논문을 대체하는 논문 제출 마감일 전까지 자격증 사본을 꼭 제출해 주시기 바랍니다.
바. 자격증 및 수상실적으로 논문을 대체하는 학생도 논문계획서는 기간 내에 꼭 제출해 주셔야 합니다.
사. 논문 대체를 위한 자격증 및 수상실적 범위는 학과 홈페이지의 내규를 참고해 주세요. 논문 제목이 바뀐 분들도 논문 계획서를 다시 제출하셔야 합니다."
korean_language,2022-2학기 백규 조규익 국어국문학 장학금 선발 안내,N/A,2022-09-01,https://korlan.ssu.ac.kr/%ed%95%99%ea%b3%bc%ec%82%ac%eb%ac%b4%ec%8b%a4%ec%95%8c%eb%a6%bc/%ea%b3%b5%ec%a7%80%ec%82%ac%ed%95%ad/?term_id&slug=1616,"국어국문학과 조규익 교수님께서 ‘백규 조규익 국어국문학 장학금’을 출연하셨습니다.
가정형편이 어려운 학생들의 짐을 조금이나마 덜어 주고자 하시는 조규익 교수님의 뜻에 따라 대상자를 선발하고자 하니,
아래의 사항에 맞추어 관련 서류를 학과사무실(조만식기념관 641호)로 제출해 주시기 바랍니다.
1. 장학금 명칭 : 백규 조규익 국어국문학 장학금(약칭 ‘백규 장학금’)
2. 대상
가. 국어국문학과 2022-2학기 재학생(8학기 이내의 정규학기 재학생만 해당) 중 직전학기 평점평균 B0(3.3) 이상인 자
나. 가정형편이 어려운 학생(본 장학금은 생활비지원 성격으로 지급될 예정으로, 국가장학금과 중복 수혜 가능)
다. 제출서류 : 세대주의 건강보험납부확인서(의료보험납부확인서) 1부.
– 납부확인서와 국가장학금 소득분위를 종합적으로 판단하여 학과에서 선발할 예정임.
– 제출서류는 선발절차 후 개인정보 보호를 위해 파기할 예정.
라. 선발인원 : 학부생 2인.
마. 지급금액 : 각 300만원
바. 본 장학금의 선발 횟수는 1회로 제한되며, 이번 학기 선발시 이후 신청하더라도 수여대상에서 제외됨.
3. 제출기한 : 9.13(화) 17:30까지
4. 장학금 선발자에게는 조규익 교수님께서 기념패를 함께 수여하실 예정이므로, 추후 예정된 수여행사에 반드시 참석하여야 합니다.
관련문의) 국어국문학과 사무실(02-820-0320)"
korean_language,국어국문학과 2022-2학기 강사 채용 추가 공고,N/A,2022-07-21,https://korlan.ssu.ac.kr/%ed%95%99%ea%b3%bc%ec%82%ac%eb%ac%b4%ec%8b%a4%ec%95%8c%eb%a6%bc/%ea%b3%b5%ec%a7%80%ec%82%ac%ed%95%ad/?term_id&slug=1607,"1. 채용분야
가. 채용분야: 세부 채용 분야 및 인원은 붙임의 「모집 단위 목록」 참조
나. 주의사항: 실제 담당 교과목은 강의개설 여건, 폐강 및 교과과정 개편 등에 의해 변경될 수 있음
2. 지원자격
가. 공통사항
1)「대학교원 자격기준 등에 관한 규정」에 따른 자격 기준을 충족하는 자
2) 관계 법령 및 본 대학교 규정에 따라 임용에 결격사유가 없는 자
3) 1956.03.01. 이후 출생한 자
나. 강사지원자격
가) 교육 및 연구경력연수: 연구실적연수와 교육경력연수 중 어느 하나가 기준에 미달하더라도 연구실적연수와 교육경력연수의 합계가 해당 기준을 충족하면 자격기준을 갖춘 것으로 본다.
※타 대학 전임교원은 본교 강사로 임용이 가능하나 해당 대학의 규정에 위배되지 않도록 유의
구분
대학졸업자ㆍ동등자격자
전문대학졸업자ㆍ동등자격자
연구실적연수
교육경력연수
계
연구실적연수
교육경력연수
계
강사
1
1
2
1
2
3
3. 임용조건
가. 임용예정일: 2022년 9월 1일
나. 임용기간: 2022년 9월 1일 ~ 2023년 8월 31일
다. 보 수: 본 대학교 보수지급기준에 따름
라 재임용 사항
1) 강사는 신규임용 기간을 포함하여 3년까지 재임용 절차를 보장
2) 1년 이상의 연구년 휴직, 보직 임명 등으로 인한 강의 대체를 위해 임용한 강사에 대해서는 재임용 절차를 보장하지 않음(모집단위 확인)
4. 심사단계 및 기준
가. 1단계(서류심사): 서류심사(기초 및 전공심사)는 지원자의 지원서 작성내용 및 서류 (자기소개서, 강의계획서, 연구업적목록 등)를 종합적으로 평가함
나. 2단계(면접심사) : 지원자의 교육역량 및 교육자적 자질 등을 종합적으로 평가함
다. 모집단위 별로 2단계 면접심사를 생략할 수 있으며, 면접심사를 실시하는 모집단위 는 붙임의 「모집 단위 목록」의 평가방법을 참조
※ 면접심사를 실시하는 모집단위는 모집부서에서 개별적으로 연락 후 진행함
※ 학과(부)별 모집단위에 따라 심사항목 및 배점이 다를 수 있음.
5. 지원방법 및 제출서류 안내
가. 지원서 접수
1) 지원서 접수 일정: 2022. 07. 25(월) 10:00 ∼ 07. 29(금) 17:00
2) 접수 방법: 이메일, 우편 또는 방문접수
※ 우편은 접수마감일(2021.07.29) 17:00까지 도착분(접수분)에 한하여 인정
※ 이메일 접수를 권장
3) 정해진 양식 외 제출서류는 모두 PDF파일로 스캔하여 첨부
나. 지원자 제출서류
1) 임용지원서(신상정보)
– 지정된 서식을 다운로드 받아 작성 후 파일 첨부
2) 자기소개서 1부
– 지정된 서식을 다운로드 받아 작성 후 파일 첨부
3) 강의계획서 1부
– 지정된 서식을 다운로드 받아 작성 후 파일 첨부
4) 학위별 학력증명서 및 성적증명서 각 1부
– 원본을 스캔하여 PDF파일로 첨부
5) 강의경력증명서 각 1부 [최근 4년간]
– 원본을 스캔하여 PDF파일로 첨부
– 입력한 내용과 일치하여야 하며, 증명서가 없는 경력사항은 인정하지 않음
6) 재직 및 기타 경력사항 증빙서류 각 1부 [최근 4년간]
– 원본을 스캔하여 PDF파일로 첨부
– 입력한 내용과 일치하여야 하며, 증명서가 없는 경력사항은 인정하지 않음
7) 연구실적목록 1부 [최근 4년간]
– 지정된 서식을 다운로드 받아 작성 후 파일 첨부
– 연구업적은 최근 4년간(2018.07.06.~2022.07.05.)이며, 대표 논문업적 5편이내로 제출
– 게재 예정이거나 출판되지 않은 것은 실적으로 인정되지 않음
8) 연구실적 증빙물
– 연구실적목록에 기재된 연구실적 원본을 스캔하여 PDF파일로 첨부
– 연구실적 증빙물은 모아서 파일 1개로 통합하여 첨부
·최종학위 논문: 표지, 초록부분
·학술지 논문: 표지, 초록부분(학술지명,발행년월,권호,저자명 등이 표기된 부분)
·저서/번역서: 표지, 목차, 머리말, 본문의 일부(처음 3~4페이지), 판권(발행년 월, 개정여부, 저자명 포함)
·창작발표회/전시회: 예체능계열만 첨부
·연구실적 증빙물 제출시 연구실적목록 상의 순서대로 정렬하여 제출
※ 제출서류를 접수기간 내에 입력하지 않는 경우에는 서류미비로 미접수 처리됨
※ 최종 합격자에 한하여 제출서류 원본 일체를 우편 또는 방문 제출
[학과(부) 별 합격자 서류 제출처는 합격자 유의사항으로 별도 안내 예정]
※ 합격자 추가 제출서류 등 자세한 설명은 최종합격자 발표 시 안내할 예정
6. 지원자 유의사항
가. 해당 분야에 적임자가 없는 경우 채용하지 않을 수 있음
나. 1개 이상의 모집분야에 중복 지원할 수 없으며, 중복지원 시 지원을 모두 무효로 하거나 합격을 취소함
다. 강사 채용과 관련된 제반 일정은 본교 사정에 의해 변경될 수 있음
라. 임용 이후 학사운영 및 교과과정 조정에 따라 담당 교과목 및 강의시간이 변경될 수 있음
마. 신원조회 및 성범죄경력조회 결과 이상이 있으면 합격이 취소될 수 있음
바. 제출된 서류는 일체 반환하지 않으며, 임용에 결격사유가 있거나 제출된 서류의 내 용이 사실과 다를 경우 임용 취소함
사. 합격자에 한해 추가 증빙서류 제출을 요구할 수 있음
아. 재임용 제외 사유에 해당되는 모집단위는 재임용이 보장되지 않음
자. 각종 증명서류는 최근 3개월 이내 발급 본 제출을 원칙으로 하며, 원본은 최종 합격 이후에 제출함
차. 최종합격자 발표 기간 중 합격자 제출서류를 정해진 기간 내에 제출하지 않을 경우 임용을 포기한 것으로 간주하며, 심사 결과에 따른 차순위후보자를 임용할 수 있음
카. 평가방법은 추후 사정에 따라 변경될 수 있음
7. 문의처
가. 지원자격 및 개설과목 문의:  인문대학 국어국문학과 02-820-0320
나. 공고 관련 문의: 인문대학 국어국문학과 02-820-0320
※ 공휴일(토,일)은 전화문의 응대할 수 없으니 유의하시기 바랍니다."
korean_language,2022학년도 1학기 특별장학금(세미쿼터 성적우수장학금) 안내,N/A,2022-07-18,https://korlan.ssu.ac.kr/%ed%95%99%ea%b3%bc%ec%82%ac%eb%ac%b4%ec%8b%a4%ec%95%8c%eb%a6%bc/%ea%b3%b5%ec%a7%80%ec%82%ac%ed%95%ad/?term_id&slug=1600,"1. 장학금명: 특별장학금(세미쿼터 성적우수장학금)
2. 지급근거 : 2022학년도 등록금 심의위원회 학자요구안
3. 지급목적
가. 2020년부터 확산된 코로나19로 인해 비대면 수업, 시험이 전면 확대. 특수성을 반영하기
위해 절대평가를 실시하였으며, 성적 고득점자 수가 크게 확대됨
나. 세미쿼터 성적우수 장학금을 통해 성적장학금 수요를 충족하고, 코로나19로 인한 가계의
어려움 극복을 위해 한시적으로 운영
4. 배분 방식 : 백마성적장학금 운영 방식에 따라 학과별 직전 학기 재학생 비율을 기준으로 금액을 배분하며, 수업료 1/8(12.5%) 기준으로 인원수 배정
5. 자격요건
가. 2022학년도 1학기 한국장학재단 국가장학금을 신청하고 소득분위가 조회된 자
나. 2022학년도 1학기 재학생으로 등록금 납부를 완료한 자(등록대체자 제외)
다. 직전 학기 성적 기준 3.5 이상인 자
※ 1학기 장학금이므로, ‘2021-2학기 성적’ 기준으로 지급됩니다.
라. 등록 8학기 이내인 자(건축학과 건축학전공: 등록 10학기 이내인 자)
마. 직전 학기 취득학점 15학점(졸업 직전 학기 12학점) 이상
※ 2021-2학기 기준입니다.
바. 성적 등 선발 세부 기준 : 2022학년도 1학기 성적장학금 및 교내장학금 수혜자 외 차순위 우수 학생에 지급 예정.
사. 모든 교내장학금과 중복 수혜 불가
※단, 교내/학과근로, 학과(부)우수, 교육지원, 포상, SW장학금, 발전기금출연분은 중복 가능
※ 기존 교내장학금이 지급예정 장학금(418,000)보다 적은 경우, 선발은 가능하나 차액만 지급될 예정.
6. 지급 방법
가. 학생 본인 계좌 지급
나. 2022-1학기 한국장학재단/공무원연금공단 대출 실행자: 학자금대출 상환지급
8. 지급예정일: 2022. 8월 중순 예정"
korean_language,제 8회 김현승시문학상 수상작 발표,N/A,2022-06-13,https://korlan.ssu.ac.kr/%ed%95%99%ea%b3%bc%ec%82%ac%eb%ac%b4%ec%8b%a4%ec%95%8c%eb%a6%bc/%ea%b3%b5%ec%a7%80%ec%82%ac%ed%95%ad/?term_id&slug=1593,"제 8회 김현승시문학상 수상작은 다음과 같습니다.
당선작
: <
방울토마토와 상처 묘목
>
지예림
(
우석대학교 문예창작학과
4
학년
)
가작
: <
나의 오래된 고향에선 언제나 공 차는 소리
>
손희서
(
숭실대학교 문예창작전공
4
학년
)
가작
: <
파리한 카카오톡의 밤
>
손유빈
(
경희대학교 국어국문학과
4
학년
)
시상식 등의 일정은 수상자에게 개별적으로 공지할 예정입니다.
축하드립니다."
korean_language,제 8회 김현승시문학상 개최 안내,N/A,2022-04-28,https://korlan.ssu.ac.kr/%ed%95%99%ea%b3%bc%ec%82%ac%eb%ac%b4%ec%8b%a4%ec%95%8c%eb%a6%bc/%ea%b3%b5%ec%a7%80%ec%82%ac%ed%95%ad/?term_id&slug=1585,"숭실대학교에서는 한국 시문학사에서 독보적인 위상을 갖는 다형 김현승 시인을 기리는 제8회 김현승 시문학상 응모작을 공모합니다. 평양 숭실전문 문과 학생이자 서울 숭실대학 문리대 교수였던 김현승 시인의 민족의식과 문학 정신을 계승하기 위한 김현승 시문학상에 많은 응모 바랍니다.
응모 기간 : 2022년 5월 4일 수요일 ~ 2022년 5월 15일 일요일
응모 자격 : 전국 대학(교) 학부생 및 대학원생
작품 주제 : 제한 없음
응모 작품 수 : 시 5편
응모 방법 : 참가 신청서 1부 및 응모작품 5편을 하나의 파일로 만들어, 이메일(
korlan@ssu.ac.kr
)로 제출 (메일 제목 : [응모] ‘성명-대학명’으로 통일 – 해당사항 지키지 않을 시 미접수)
수상작 발표 : 2022년 6월 13일 월요일
시상 내역
가. 당선작 1명, 상장 및 상금 (150만원)
나. 가작 2명, 상장 및 상금 (각 70만원)
■ 유의사항
응모작은 본인의 미발표 순수창작이어야 하며, 기발표 및 표절작품 확인시 무효 처리하고, 수상작 발표 이후에라도 확인이 되면 입상이 취소됩니다.
제출작은 반환하지 않으며, 수상작에 대한 제반 권한은 숭실대학교 김현승시문학상운영위원회에 귀속됩니다.
심사기준에 부합되는 응모작이 없을 경우 해당 수상작을 선정하지 않을 수 있습니다."
korean_language,백규 조규익 국어국문학 장학금 출연식 및 수여식 진행,N/A,2022-03-21,https://korlan.ssu.ac.kr/%ed%95%99%ea%b3%bc%ec%82%ac%eb%ac%b4%ec%8b%a4%ec%95%8c%eb%a6%bc/%ea%b3%b5%ec%a7%80%ec%82%ac%ed%95%ad/?term_id&slug=1574,"숭실대학교에서 백규 조규익 국어국문학 장학금 출연식을 개최했다. <사진=숭실대학교>
숭실대
,
백규 조규익 국어국문학 장학금 출연식 진행
숭실대학교(총장 장범식)는 3월 10일 교내 베어드홀 4층 회의실에서 백규 조규익 국어국문학 장학금 1억 원 출연식을 개최했다.
이날 장학금 출연식에는 장범식 숭실대학교 총장과 김대권 인문대학장, 엄경희 국어국문학과 교수, 이경재 국어국문학과 교수 등 7명이 참석했다.
조규익 교수는 지난 1987년부터 숭실대학교 국어국문학과 교수로 재직 중이며, 한국문학과예술연구소장으로 활동하며 한국의 문학과 예술 관련 학술 활동을 진행하고 있다. 조규익 교수는 ‘백규 조규익 국어국문학 장학금(백규 장학금)’을 제정하여 2022학년도 1학기부터 매 학기에 형편이 어려운 숭실대학교 국어국문학과 장학생을.선발하여 소정의 장학금을 전달하고 있다.
장학금 기탁자는 조규익 교수의 아들인 조경현 교수이다. 조경현 교수는 지난 2009년 한국과학기술원(KAIST) 전산학부를 졸업하고 현재 뉴욕대학교 컴퓨터과학과 교수로 재직 중이며, 2021년 삼성호암상 공학상을 수상하여 상금 중 1억 원을 백규장학금으로 쾌척했다.
장범식 총장은 “조규익 교수님은 숭실의 자랑이며 동료들과 후학들에게 학자로서 모범이 되어주셔서 진심으로 존경한다. 그리고 아드님이신 조경현 박사를 통해서 숭실대학교 국어국문학과 학생들이 장학금을 수혜 받게 된 것에 대해서 학교를 대표하여 큰 감사를 전한다”라고 말했다.
조규익 교수는 “서른 살에 부임하여 30년 넘게 일해 온 숭실대학교는 제게 집이자 고향 같은 곳이다. 백규 장학금을 통해 국어국문학과 재학생 중 집안 형편이 어려운 제자들이 학업을 이어가는데 보탬이 되었으면 좋겠다”라고 소감을 밝혔다.
백규 조규익 국어국문학 장학금은 매 학기 국어국문학과 학부생 1명, 내국인 박사과정 재학생 1명을 선발하여 각 300만원을 지급하며, 이번 학기에는 정여진(학부 4학년), 박수현(박사 3학기) 두 사람이 선발되어 장학금을 수혜받게 되었다. 조규익 교수는 수혜자들을 격려하기 위해 직접 만든 장학패를 수여하여 의미를 더하였다."
korean_language,2022-1학기 논문계획서 및 졸업논문 제출 안내,N/A,2022-03-15,https://korlan.ssu.ac.kr/%ed%95%99%ea%b3%bc%ec%82%ac%eb%ac%b4%ec%8b%a4%ec%95%8c%eb%a6%bc/%ea%b3%b5%ec%a7%80%ec%82%ac%ed%95%ad/?term_id&slug=1567,"안녕하세요. 국어국문학과 사무실에서 2022학년도 1학기 논문계획서 및 졸업논문 제출에 관하여 다음과 같이 알려드립니다.
1.
논문계획서
(
논문제목
,
지도교수
)
입력 및 결과 제출
가. 대상자 :
1) 7학기 이상 이수중인 재학생 및 8학기 재학생 중 계획서를 제출하지 않은 자
2) 수료생 중 졸업예정자 신청을 한 자
나. 기간: 2022년 4월 29일(금)까지
다. 제출방법: 첨부파일의 양식을 받아서 작성 후 오프라인 제출(학과 사무실 조만식기념관 641호)
※ 취업, 코로나-19로 인한 자가격리 등의 사유가 있는 경우 학과사무실로
사전 연락
후 이메일 제출 가능.
라. 유의사항
2022년 3월 15일 기준의 7,8학기 이수 이상 재학생 및 수료생의 논문계획서 제출여부를 첨부한 엑셀 파일을 통해 확인하세요. 논문 계획서와 다르게 논문을 제출하실 분들도 논문계획서를 다시 제출하시면 됩니다.
2.
졸업논문 제출
가. 대상자 :
1) 8학기 이상 이수중인 졸업예정자
2) 6~7학기 이수중인 조기졸업 대상자
3) 수료생 중 졸업예정자 신청을 한 자
나. 기간: 2022년 5월 27일(금) 17:00까지
다. 제출방법: 스프링 제본을 완료한 논문을 오프라인(학과 사무실 조만식641호)으로 제출
라. 분량: 표지와 목차를 제외한, 논문규격에 맞춘 A4 용지 30장 내외
※ 조기취업 학생, 외국 거주중인 유학생에 한하여 학과사무실로
사전 연락 후
국어국문학과 이메일(korlan@ssu.ac.kr)로 제출 가능.
마. 제출기한
2022년 5월 27일(금) 17:00 이전까지 스프링 제본을 완료한 논문을 제출해야하며 이후 논문 제출 절대 불가. 5월 27일(금) 17:00 이후 제출자에게는 다음 학기에 논문을 제출하도록 안내할 예정.
취업 등으로 인하여 직접 제출이 불가한 자는 우편으로 송부 가능. 단, 학과사무실에서 논문을 수령한 시간이 5월 27일(금) 17:00 이전이어야 함.
※ 학과 이메일로 발송하는 경우에도 5월 27일 17:00이전까지 송부하는 논문만 인정
참고 : 지도교수 란은 자신이 쓰고 싶은 논문 주제와 맞는 해당 분야 전공 교수님 성함을 써주시기 바랍니다.
국어학(형태론, 통사론) : 오충연 교수님
국어학(의미론, 화용론, 한국어교육) : 임채훈 교수님
국어학(국어사, 음운론) : 소신애 교수님
고전문학(고전시가) : 조규익 교수님
고전문학(고전소설) : 장경남 교수님
현대문학(현대시) : 엄경희 교수님
현대문학(현대소설) : 이경재 교수님
3.
유의사항
가. 위에 명시된 제출 기한을 꼭 지켜주시기 바라며, 이후에는 받지 않습니다.
나. 논문계획서는 자필, 워드 모두 가능하며 논문은 반드시 스프링 제본을 마친 완본을 제출하셔야 합니다.
다. 논문 작성 시 반드시 정해진 규격을 준수해야 합니다.
라. 타인의 연구 자료를 무단으로 도용하거나 인터넷 이곳저곳에 있는 자료를 임의로 짜깁기하는 행위는 절대로 있어서는 안 되는 매우 부끄럽고 파렴치한 행위이며 범죄입니다. 여러분은 국어국문학과 학부 교과과정을 4년 동안 훌륭하게 이수한 학생입니다. 전공자의 기품과 실력에 어울리는 정직한 논문을 써주시기 바랍니다. 특히 인용한 내용에 대해서는 각주 및 참고문헌을 정확히 기재해 주시기 바랍니다. 부정이 발견되면 졸업하지 못합니다.
마. 자격증 및 수상실적으로 논문을 대체하는 논문 제출 마감일 전까지 자격증 사본을 꼭 제출해 주시기 바랍니다.
바. 자격증 및 수상실적으로 논문을 대체하는 학생도 논문계획서는 기간 내에 꼭 제출해 주셔야 합니다.
사. 논문 대체를 위한 자격증 및 수상실적 범위는 학과 홈페이지의 내규를 참고해 주세요. 논문 제목이 바뀐 분들도 논문 계획서를 다시 제출하셔야 합니다."
korean_language,백규 조규익 국어국문학 장학금 신청 안내,N/A,2022-02-23,https://korlan.ssu.ac.kr/%ed%95%99%ea%b3%bc%ec%82%ac%eb%ac%b4%ec%8b%a4%ec%95%8c%eb%a6%bc/%ea%b3%b5%ec%a7%80%ec%82%ac%ed%95%ad/?term_id&slug=1563,"국어국문학과 조규익 교수님께서 ‘백규 조규익 국어국문학 장학금’을 출연하셨습니다.
가정형편이 어려운 학생들의 짐을 조금이나마 덜어 주고자 하시는 조규익 교수님의 뜻에 따라 대상자를 선발하고자 하니,
아래의 사항에 맞추어 관련 서류를 학과사무실(조만식기념관 641호)로 제출해 주시기 바랍니다.
1. 장학금 명칭 : 백규 조규익 국어국문학 장학금(약칭 ‘백규 장학금’)
2. 대상
가. 국어국문학과 2022-1학기 재학생 중 직전학기 평점평균 B0(3.3) 이상인 자
나. 가정형편이 어려운 학생(본 장학금은 생활비지원 성격으로 지급될 예정으로, 국가장학금과 중복 수혜 가능)
다. 제출서류 : 세대주의 건강보험납부확인서(의료보험납부확인서) 1부.
– 납부확인서와 국가장학금 소득분위를 종합적으로 판단하여 학과에서 선발할 예정임.
– 제출서류는 선발절차 후 개인정보 보호를 위해 파기할 예정.
라. 선발인원 : 학부생 1인.
마. 지급금액 : 300만원
바. 본 장학금의 선발 횟수는 1회로 제한되며, 이번 학기 선발시 이후 신청하더라도 수여대상에서 제외됨.
3. 제출기한 : 2.28(월) 17:30까지
4. 장학금 선발자에게는 조규익 교수님께서 기념패를 함께 수여하실 예정이므로, 추후 예정된 수여행사에 반드시 참석하여야 합니다.
관련문의) 국어국문학과 사무실(02-820-0320)"
korean_language,2022학년도 재단법인 정수장학회 장학생 선발,N/A,2022-01-13,https://korlan.ssu.ac.kr/%ed%95%99%ea%b3%bc%ec%82%ac%eb%ac%b4%ec%8b%a4%ec%95%8c%eb%a6%bc/%ea%b3%b5%ec%a7%80%ec%82%ac%ed%95%ad/?term_id&slug=1554,"2022
학년도 재단법인 정수장학회 장학생 선발
자격요건
가. 가정형편이 곤란하고 타의 모범이 되는 학생
나. 장차 국가와 사회에 유익하게 기여하리라 인정되는 학생
다. 타 장학금을 받지 않는 학생
라. 1997년 1월 1일 이후 출생자
라. 2021학년도
제
1
학기 평균점수
85
점
(
백분율점수 기준
)
이상이고
,
학업석차가
10%
이내인 학생
마. 2022학년도 1학기 기준
인문계
,
자연계 소속
2, 3
학년
(2학기 또는 4학기 이수자)
장학금액
:
졸업시까지 등록금 전액
(
수업료
+
기성회비
)
추천인원
:
4
명
(2
학년
2
명
, 3
학년
2
명
)
제출서류
가. 장학생 지원서 1부(붙임양식).
나. 추천서 1부(붙임양식).
※추천의견은 각 학과(부) 지도교수님께 요청
※추천의견(장학과) 및 하단의 총장직인은 장학생 추천 시 장학팀에서 작성 및 날인(공란으로 제출)
다. 성적증명서(2021년도 1, 2학기 각 환산점수, 석차 필히 기재요) 1부.
라. 자기소개서 및 사진 파일 제출
마. 한국장학재단 학자금지원구간 통지서(2021년 2학기) 1부.
※건강보험자격확인서 및 2021년 건강보험료 납부확인서로 대체 가능
자기소개서 작성 방법
가. 붙임파일의 양식과 아래의 내용으로 A4용지 최대 3매(바탕체, 글자크기 11) 작성
나. 내용
1) 성장과정, 성격, 가치관
2) 봉사활동
3) 교양과목 및 전공과목에 대한 학습계획
4) 졸업 후 사회 진출 계획 및 포부
※ 유의사항
① 제목: 숭실대학교 00학과 0학년(2022년 기준) 성명
② 첨부파일 형식: [자기소개서]숭실대학교 00학과 0학년(2022년 기준) 성명
[사진]숭실대학교 00학과 0학년(2022년 기준) 성명
제출기한 및 방법
가. 제출기한:
~ 2022. 01. 17.(
월
) 12:00
까지
도착분에 한함
나. 제출방법: 이메일 제출
-제출처: ser@ssu.ac.kr
선발절차
; 장학팀에서 추천 후 재단의 서류심사 및 개별면접을 거쳐 최종 선발
기타 문의사항
: 숭실대학교 외부장학담당(Tel. 02-820-0819)
※방학 중 운영시간: 10:00~17:00 (점심시간: 12:20~13:20 제외)
붙 임: 1. 장학금 지원서 양식 1부.
2. 추천서 양식 1부.
3. 자기소개서 양식 1부. 끝."
korean_language,2022학년도 1학기 학석사연계과정 지원 및 선발 안내,N/A,2021-11-24,https://korlan.ssu.ac.kr/%ed%95%99%ea%b3%bc%ec%82%ac%eb%ac%b4%ec%8b%a4%ec%95%8c%eb%a6%bc/%ea%b3%b5%ec%a7%80%ec%82%ac%ed%95%ad/?term_id&slug=1548,"1. 지원기간 : 2021년 12월 6일(월)~12월 23일(목)
2. 모집학과 : 학사과정과 석사과정에 동일(또는 유사)학과가 있는 학과(계약학과 제외)
3. 지원자격 :다음 각호 모두에 해당되는 자
가. 지원일 당시 학사과정 4학기 이상 6학기 이내 재학중(건축학부 건축학전공은 6학기 이상 8학기 이내 재학중)인자 (학·석사연계과정 신청자는 조기졸업 신청을 할 수 없음)
나. 재수강 이전 과목, 학점포기한 과목, F학점 과목 등을 포함한 전체 과목의 총평점평균이 3.0 / 4.5 이상인 자
다. 7학기 또는 8학기(건축학부 건축학 전공은 9학기 또는 10학기)에 학사과정의 졸업요건을 충족할 수 있는 자
라. 지원하고자 하는 일반대학원 학과 주임교수와 지도교수의 추천을 받은 자
마. 지원하고자 하는 일반대학원의 동일(또는 유사)학과를 주전공 또는 복수전공으로 하는자(부전공, 연계전공은 해당 없음)
4. 제출서류 및 지원방법
가. 학·석사연계과정신청서 1부.
나. 대학원 교학팀으로 방문 접수(웨스트민스터홀 658호)
5. 선발인원 : 석사과정 입학정원의 20%
6. 발표일 : 2022년 1월 28일(금) 예정 – 학과 및 개별 통지
기타사항은 첨부해 드리는 안내문을 참고하시기 바랍니다."
korean_language,2021-2학기 논문계획서 및 졸업논문 제출 안내,N/A,2021-09-15,https://korlan.ssu.ac.kr/%ed%95%99%ea%b3%bc%ec%82%ac%eb%ac%b4%ec%8b%a4%ec%95%8c%eb%a6%bc/%ea%b3%b5%ec%a7%80%ec%82%ac%ed%95%ad/?term_id&slug=1537,"안녕하세요. 국어국문학과 사무실에서 2021학년도 2학기 논문계획서 및 졸업논문 제출에 관하여 다음과 같이 알려드립니다.
1.
논문계획서
(
논문제목
,
지도교수
)
입력 및 결과 제출
가. 대상자 :
1) 7학기 이상 이수중인 재학생 및 8학기 재학생 중 계획서를 제출하지 않은 자
2) 수료생 중 졸업예정자 신청을 한 자
나. 기간: 2021년 10월 29일(금)까지
다. 제출방법: 첨부파일의 양식을 받아서 작성 후 오프라인 제출(학과 사무실 조만식기념관 641호)
※ 취업, 코로나-19로 인한 자가격리 등의 사유가 있는 경우 학과사무실로 사전 연락 후 이메일 제출 가능.
라. 유의사항
2021년도 9월 15일 기준의 7,8학기 이수 이상 재학생 및 수료생의 논문계획서 제출여부를 첨부한 엑셀 파일을 통해 확인하세요. 논문 계획서와 다르게 논문을 제출하실 분들도 논문계획서를 다시 제출하시면 됩니다.
2.
졸업논문 제출
가. 대상자 :
1) 8학기 이상 이수중인 졸업예정자
2) 6~7학기 이수중인 조기졸업 대상자
3) 수료생 중 졸업예정자 신청을 한 자
나. 기간: 2021년 11월 30일(화) 17:00까지
다. 제출방법: 스프링 제본을 완료한 논문을 오프라인(학과 사무실 조만식641호)으로 제출
라. 분량: 표지와 목차를 제외한, 논문규격에 맞춘 A4 용지 30장 내외
※ 조기취업 학생, 외국 거주중인 유학생, 혹은 서울, 경기 제외 지방에 거주하는 내국인 학생에 한하여 국어국문학과 이메일(korlan@ssu.ac.kr)로 제출 가능.
마. 제출기한
2021년 11월 30일(월) 17:00 이전까지 스프링 제본을 완료한 논문을 제출해야하며 이후 논문 제출 절대 불가. 11월 30일(월) 17:00 이후 제출자에게는 다음 학기에 논문을 제출하도록 안내할 예정.
취업 등으로 인하여 직접 제출이 불가한 자는 우편으로 송부 가능. 단, 학과사무실에서 논문을 수령한 시간이 11월 30일(월) 17:00 이전이어야 함.
※ 학과 이메일로 발송하는 경우에도 11월 30일 17:00이전까지 송부하는 논문만 인정
참고 : 지도교수 란은 자신이 쓰고 싶은 논문 주제와 맞는 해당 분야 전공 교수님 성함을 써주시기 바랍니다.
국어학(형태론, 통사론) : 오충연 교수님
국어학(의미론, 화용론, 한국어교육) : 임채훈 교수님
국어학(국어사, 음운론) : 소신애 교수님
고전문학(고전시가) : 조규익 교수님
고전문학(고전소설) : 장경남 교수님
현대문학(현대시) : 엄경희 교수님(연구년으로 논문지도교수 위촉이 불가능합니다.)
현대문학(현대소설) : 이경재 교수님
3.
유의사항
가. 위에 명시된 제출 기한을 꼭 지켜주시기 바라며, 이후에는 받지 않습니다.
나. 논문계획서는 자필, 워드 모두 가능하며 논문은 반드시 스프링 제본을 마친 완본을 제출하셔야 합니다.
다. 논문 작성 시 반드시 정해진 규격을 준수해야 합니다.
라. 타인의 연구 자료를 무단으로 도용하거나 인터넷 이곳저곳에 있는 자료를 임의로 짜깁기하는 행위는 절대로 있어서는 안 되는 매우 부끄럽고 파렴치한 행위이며 범죄입니다. 여러분은 국어국문학과 학부 교과과정을 4년 동안 훌륭하게 이수한 학생입니다. 전공자의 기품과 실력에 어울리는 정직한 논문을 써주시기 바랍니다. 특히 인용한 내용에 대해서는 각주 및 참고문헌을 정확히 기재해 주시기 바랍니다. 부정이 발견되면 졸업하지 못합니다.
마. 자격증 및 수상실적으로 논문을 대체하는 논문 제출 마감일 전까지 자격증 사본을 꼭 제출해 주시기 바랍니다.
바. 자격증 및 수상실적으로 논문을 대체하는 학생도 논문계획서는 기간 내에 꼭 제출해 주셔야 합니다.
사. 논문 대체를 위한 자격증 및 수상실적 범위는 학과 홈페이지의 내규를 참고해 주세요. 논문 제목이 바뀐 분들도 논문 계획서를 다시 제출하셔야 합니다."
korean_language,제 7회 김현승시문학상 수상작 발표,N/A,2021-06-08,https://korlan.ssu.ac.kr/%ed%95%99%ea%b3%bc%ec%82%ac%eb%ac%b4%ec%8b%a4%ec%95%8c%eb%a6%bc/%ea%b3%b5%ec%a7%80%ec%82%ac%ed%95%ad/?term_id&slug=1530,"제 7회 김현승시문학상 수상자는 다음과 같습니다.
당선 :  최교빈(서울예대, 문예창작학과, 2년), <인공 다북쑥과 야생 분수 -안산천을 걸으며 생각하지 않으려 했던 것들>
가작 : 편희주(한남대, 국어국문창작학과, 4년), <편도행>
하승훈(추계에술대, 문예창작학과, 1년), <시계 수리공>
수상을 축하드립니다."
korean_language,제 7회 김현승시문학상 개최 안내,N/A,2021-04-29,https://korlan.ssu.ac.kr/%ed%95%99%ea%b3%bc%ec%82%ac%eb%ac%b4%ec%8b%a4%ec%95%8c%eb%a6%bc/%ea%b3%b5%ec%a7%80%ec%82%ac%ed%95%ad/?term_id&slug=1520,"숭실대학교에서는 한국 시문학사에서 독보적인 위상을 갖는 다형 김현승 시인을 기리는
제 7회 김현승 시문학상 응모작을 공모합니다.
평양 숭실전문 문과 학생이자 서울 숭실대학 문리대 교수였던 김현승 시인의
민족의식과 문학정신을 계승하기 위한 김현승 시문학상에 많은 응모 바랍니다.
응모기간 : 2021.4.28(수) ~ 5.11(화)
응모자격 : 전국 대학(교) 학부생 및 대학원생
작품주제 : 제한 없음
응모작품수 : 시 5편
응모방법 : 참가신청서 1부 및 응모작품 5편을 하나의 파일로 만들어, 이메일(korlan@ssu.ac.kr)로 제출.
수상작 발표  : 2021.06.09(수) 숭실대학교 홈페이지, 숭실대학교 국어국문학과 및 문예창작전공 홈페이지.
문의 : 02-820-0320(숭실대학교 국어국문학과 사무실), 02-820-0043(예술창작학부 문예창작전공 사무실)"
korean_language,2021-1학기 논문계획서 및 졸업논문 제출 안내,N/A,2021-03-11,https://korlan.ssu.ac.kr/%ed%95%99%ea%b3%bc%ec%82%ac%eb%ac%b4%ec%8b%a4%ec%95%8c%eb%a6%bc/%ea%b3%b5%ec%a7%80%ec%82%ac%ed%95%ad/?term_id&slug=1508,"안녕하세요. 국어국문학과 사무실에서 2021학년도 1학기 논문계획서 및 졸업논문 제출에 관하여 다음과 같이 알려드립니다.
1.
논문계획서
(
논문제목
,
지도교수
)
입력 및 결과 제출
가. 대상자 :
1) 7학기 이상 이수중인 재학생 및 8학기 재학생 중 계획서를 제출하지 않은 자
2) 수료생 중 졸업예정자 신청을 한 자
나. 기간: 2021년 4월 30일(금)까지
다. 제출방법: 첨부파일의 양식을 받아서 작성 후 오프라인 제출(학과 사무실 조만식641호)
※ 코로나19로 인하여 국어국문학과 이메일(korlan@ssu.ac.kr)로 제출 가능
라. 유의사항
2021년도 3월 11일 기준의 7,8학기 이수 이상 재학생 및 수료생의 논문계획서 제출여부를 첨부한 PDF 파일을 통해 확인하세요. 논문 계획서와 다르게 논문을 제출하실 분들도 논문계획서를 다시 제출하시면 됩니다.
2.
졸업논문 제출
가. 대상자 :
1) 8학기 이상 이수중인 졸업예정자
2) 6~7학기 이수중인 조기졸업 대상자
3) 수료생 중 졸업예정자 신청을 한 자
나. 기간: 2021년 5월 31일(월) 17:00까지
다. 제출방법: 스프링 제본을 완료한 논문을 오프라인(학과 사무실 조만식641호)으로 제출
라. 분량: 표지와 목차를 제외한, 논문규격에 맞춘 A4 용지 30장 내외
※ 코로나19로 외국 거주중인 유학생, 혹은 지방 거주하는 내국인 학생에 한하여 국어국문학과 이메일(korlan@ssu.ac.kr)로 제출 가능.
마. 제출기한
2021년 5월 31일(월) 17:00 이전까지 스프링 제본을 완료한 논문을 제출해야하며 이후 논문 제출 절대 불가. 5월 31일(월) 17:00 이후 제출자에게는 다음 학기에 논문을 제출하도록 안내할 예정.
취업 등으로 인하여 직접 제출이 불가한 자는 우편으로 송부 가능. 단, 학과사무실에서 논문을 수령한 시간이 5월 31일(월) 17:00 이전이어야 함.
※ 학과 이메일로 발송하는 경우에도 5월 31일 17:00이전까지 송부하는 논문만 인정
참고 : 지도교수 란은 자신이 쓰고 싶은 논문 주제와 맞는 해당 분야 전공 교수님 성함을 써주시기 바랍니다.
국어학(형태론, 통사론) : 오충연 교수님
국어학(의미론, 화용론, 한국어교육) : 임채훈 교수님
국어학(국어사, 음운론) : 소신애 교수님
고전문학(고전시가) : 조규익 교수님
고전문학(고전소설) : 장경남 교수님
현대문학(현대시) : 엄경희 교수님(연구년으로 논문지도교수 위촉이 불가능합니다.)
현대문학(현대소설) : 이경재 교수님
3.
유의사항
가. 위에 명시된 제출 기한을 꼭 지켜주시기 바라며, 이후에는 받지 않습니다.
나. 논문계획서는 자필, 워드 모두 가능하며 논문은 반드시 스프링 제본을 마친 완본을 제출하셔야 합니다.
다. 논문 작성 시 반드시 정해진 규격을 준수해야 합니다.
라. 타인의 연구 자료를 무단으로 도용하거나 인터넷 이곳저곳에 있는 자료를 임의로 짜깁기하는 행위는 절대로 있어서는 안 되는 매우 부끄럽고 파렴치한 행위이며 범죄입니다. 여러분은 국어국문학과 학부 교과과정을 4년 동안 훌륭하게 이수한 학생입니다. 전공자의 기품과 실력에 어울리는 정직한 논문을 써주시기 바랍니다. 특히 인용한 내용에 대해서는 각주 및 참고문헌을 정확히 기재해 주시기 바랍니다. 부정이 발견되면 졸업하지 못합니다.
마. 자격증 및 수상실적으로 논문을 대체하는 논문 제출 마감일 전까지 자격증 사본을 꼭 제출해 주시기 바랍니다.
바. 자격증 및 수상실적으로 논문을 대체하는 학생도 논문계획서는 기간 내에 꼭 제출해 주셔야 합니다.
사. 논문 대체를 위한 자격증 및 수상실적 범위는 학과 홈페이지의 내규를 참고해 주세요. 논문 제목이 바뀐 분들도 논문 계획서를 다시 제출하셔야 합니다."
korean_language,국립생물자원관 2021년도 기간제 근로자(홍보요원) 채용 홍보,N/A,2021-01-27,https://korlan.ssu.ac.kr/%ed%95%99%ea%b3%bc%ec%82%ac%eb%ac%b4%ec%8b%a4%ec%95%8c%eb%a6%bc/%ea%b3%b5%ec%a7%80%ec%82%ac%ed%95%ad/?term_id&slug=1499,"국어국문학과 사무실에서 2021년도 국립생물자원관 기간제 근로자(홍보요원) 채용 관련 내용을 홍보하오니
관심이 있는 국어국문학과 학생들은 해당 내용을 참조하여 지원하시기 바랍니다.
——————————————————————-
전시교육과 기간제근로자
채용계획 공고
국립생물자원관에서 2021년도 기간제근로자를 아래와 같이 공개모집하오니 성실하고 능력있는 분들의 많은 응모를 바랍니다.
2021
년
1
월
25
일
국 립 생 물 자 원 관 장
1.
분야별 채용인원 및 자격기준

기간제근로자
채용분야
(
코드
)
채용예정
자격기준 및 우대사항 등
담당예정업무
직종
등급
인원
전시교육
(A)
홍보
요원
–
1
○ 국어국문학, 신문방송학, 언론정보학 등 관련 전분야 전공자(졸업예정자 포함)
– 보도자료 및 언론홍보 등
※
육아휴직 대체자
(
계약기간
:
계약일
~ `22.3.17)
전시교육
(B)
전문
연구원
다
1
○ 전시연출 및 디자인 분야
석사(5년 이상), 학사(8년 이상)
전시연출 및 디자인 등
※
육아휴직 대체자
(
계약기간
:
계약일
~ `22.3.21)
※ 위 표에서 “전공”은「고등교육법」에 따른 대학에서 해당 학과 및 관련 계통의 학과를 전공하고 졸업한 것(이와 동등 이상의 학력을 가진 자를 포함한다)을 말한다.
2.
근무조건
○ 근무기간 :
3
개월의 수습기간
을 가지며, 수습 중인 자의 업무 능력의 부족 또는 직무수행태도의 불량 등으로 계속 근로가 어렵다고 인정되는 경우
계약을 해지 할 수 있음
– (기간제 근로자 A : 채용일 ~ ‘22.3.17)
– (기간제 근로자 B : 채용일 ~ ’22.3.21)
○ 근무시간 : 09:00 ~18:00(휴게시간 1시간 포함, 주 40시간)
○ 근무지역 : 인천 서구 환경로 42 종합환경연구단지 국립생물자원관
○ 보수 : 전문연구원 다급(월 2,574,000원), 홍보요원(월 2,196,000원) 4대보험 가입, 정액급식비 별도 지급, 명절휴가비 지급, 초과근무수당 별도 지급
○ 기타 근무조건은 「환경부 공무직근로자 등 운영규정」 적용
3.
응시자격요
건
(
판단기준일
:
면접시험 예정일
)
○ 「국가공무원법」 제33조 각 호의 결격사유 및 「환경부 공무직근로자 등 운영규정」제25조 정년에 해당하지 않고, 「공무원임용시험령」등 관계 법령에 의하여 응시자격을 정지당하지 아니한 자
○ 만19세 이상의 연령에 해당하는 자
○ 대한민국 국적 소지자
○ 남자의 경우 병역을 필하였거나 면제된 자
○ 채용 분야별 학위 취득자 또는 취득예정자
– 단, 학위취득 예정일이 면접일 기준 3개월 미만으로, 임용 후 졸업증명서를 제출해야 함
○ 합격 후 즉시 근무가 가능한 자
4.
시험방법
○ 1차 : 서류전형(적합여부 확인)
– 응시연령, 학력기준, 기타 세부 자격기준에 따라 응시자격 적격여부 확인
– 응시인원이 선발예정 인원의 3배수를 초과할 경우, 직무적합도(전공, 경력, 연구실적 및 자격사항 등)를 평가하여 선발예정 인원의 3배수로 서류전형 합격자 결정
※ 다만, 응시인원이 선발예정인원의 3배수 이상이라 하더라도 응시자가 서류전형기준에 부적합하여 합격자가 3배수 이내로 될 경우 3배수 이내로 합격자 결정
※
장애인
(5
점
),
북한이탈주민
(5
점
),
국민기초생활수급자
(5
점
)
및 취업지원대상자
(5
∼
10
점
)
는 최대
10
점
(
항목별 중복적용 불가
)
의 범위내에서 가산점 부여
※
서류전형 확인점검표에 해당 가산점 기재하고 관련 증빙자료를 함께 첨부
○ 2차 : 면접시험
– 업무적격성(3항목) 및 공직관(2항목)을 심사하여 합격자 결정
※
평가항목 과락
:
심사위원 반수 이상 평가항목
2
개 이상을
“
하
“
으로 평가하였거나
,
심사위원 모두가 하나의 동일한 평가항목을
“
하
“
로 평가한 경우 불합격 결정
– 면접시험 평정 결과, 성적 우수자 중 결격사유가 없는 자를 최종합격자로 결정(단, 최종합격자 임용 포기 등의 사유로 추가 결원 보충이 필요한 경우 차순위 합격자를 3개월 이내 추가합격자로 선정 가능)
5.
시험일정
구 분
일 정
내 용
공고
`21.1.25(월) ~ ‘21.2.4(목)
국립생물자원관 홈페이지 및 나라일터, 워크넷 등
응시원서 접수
`21.1.29(금) ~ ‘21.2.4(목)
이메일 접수만 가능
서류전형 합격자 발표
‘21.2.5(금)
국립생물자원관 홈페이지
면접시험
‘21.2.9(화)
세부일정 및 장소는 서류전형 합격자 발표 시 공지
면접시험 합격자 발표
‘21.2.10(수)
국립생물자원관 홈페이지
임용
‘21.2.15(월) 이후 예정
※ 상기 일정은 응시인원, 시험장 사정 등에 따라 변경될 수 있음
6.
응시원서 교부 및 접수
○ 응시원서 교부 : 응시원서 등 작성 서식은 이 공고문의 첨부서식을 내려받아 사용
○ 응시원서 접수방법 : 이메일 접수(juria4u@korea.kr)
– 응시번호는 응시자 메일로 전송
※
메일 제목을
“
기간제근로자 채용 응시원서 제출
”
로 명시하며, 접수마감일
18:00
까지 도착
분에 유효함.
제출 시 압축이 아닌 하나의 파일
로 필히 제출
7.
제출서류
□
공통사항
(
필수 제출
)
※
필수 제출서류를 제출하지 않는 경우 불합격처리 될 수 있음
○ 이력서 1부(첨부1 서식 사용)
○ 직무수행계획서 1부(첨부2 서식 사용)
○ 개인정보 제공‧이용 및 제3자 정보제공 동의서 1부(첨부3 서식 사용)
○ 최종학위 졸업(예정) 증명서 1부
○ (남자 응시자) 병역사항 확인 증빙서류 1부
□
해당자 제출
(
선택 제출
)
○ 학위논문 요약서 1부(첨부4 서식 사용)
○ 연구실적 1부(첨부5 서식 사용)
○ 관련분야 근무경력 1부(첨부6 서식 사용)
○ 경력증명서(또는 재직증명서) 각 1부 ※ 담당업무, 근무기간 명시
○ 관련분야 자격증 각 1부
○ 영어 관련 자격증 각 1부 ※ 접수 마감일 기준 2년 이내의 성적표
○ 취업지원대상자 등 서류전형 가산점 대상 증빙서류 1부
※
증빙자료가 첨부되지 않은 연구실적
,
경력
,
자격증은 인정되지 않음
□
면접시험 합격자 제출 서류
○ 기본증명서(주민등록번호 전체 표시) 1부.
○ 행정정보 공동이용 사전동의서 1부(첨부 서식8 사용)
○ 행정정보 공동이용 사전동의서 미제출 시에는 후견등기사항부존재증명서, 본인신용정보조회서 각 1부.
① 후견등기사항부존재증명서(일부-성년후견, 한정후견) 1부
* 전자후견등기시스템(egdrs.scourt.go.kr)에서 발급(무료, 주민번호 공개)
② 본인신용정보조회서 1부
* 크레딧포유(credit4u.or.kr) 회원가입 후 발급 가능(무료)
※ 제출기한/제출처: ‘21.2.15(월), 이메일(juria4u@korea.kr) 제출
8.
기
타 유의사항
○ 응시서류의 기재착오 또는 누락, 자격미비자의 응시, 연락불능 등으로 인한 불이익은 일체 응시자의 책임으로 합니다.
※
응시원서의 현주소는 기본증명서 및 주민등록초본을 기준으로 작성하며
,
관련 자격사항 등 해당 내용을 모두 기재하여 자필 서명 후 제출
○ 응시자는 채용분야의 전공, 학력기준 등 자격요건이 적합한 지를 판단하여 응시서류를 제출하여 주시기 바랍니다.
(
채용분야별 중복접수 불가
)
○ 제출된 서류에 기재된 사항이 사실과 다름이 발견될 경우에는 합격 또는 임용을 취소할 수 있습니다.
○ 심사결과 적격자가 없는 분야는 전원 불합격 처리하거나 예정인원보다 적은 인원을 채용할 수 있습니다.
○ 접수된 서류는 채용여부가 확정된 이후부터 180일 이내 서류반환을 청구(확정된 채용대상자는 제외)하는 경우 「채용절차의 공정화에 관한 법률」제11조에 따라 관련 서류 반환이 가능함을 알려드리니다.(첨부7 서식 사용)
○ 학위 취득예정자의 경우 채용 후 3개월 이내에 졸업증명서를 제출하지 못하면 임용이 취소됩니다.
○ 동 시험계획은 사정에 의하여 변경될 수 있으며, 변경된 사항은 해당 시험일정 5일 전까지 변경공고 할 수 있음을 알려드립니다.
○ 기타사항은 국립생물자원관 전시교육과(032-590-7456)으로 문의 주시기 바랍니다."
korean_language,2021-1학기 국내대학 학점교류 및 수강신청 안내,N/A,2021-01-12,https://korlan.ssu.ac.kr/%ed%95%99%ea%b3%bc%ec%82%ac%eb%ac%b4%ec%8b%a4%ec%95%8c%eb%a6%bc/%ea%b3%b5%ec%a7%80%ec%82%ac%ed%95%ad/?term_id&slug=1493,"본 공지는 대학별 실시계획이 확정되는대로 계속 업데이트 되니 수시로 확인하기 바랍니다.
3. 참가지원 방법”의 “라. 주의사항” 확인하기 바랍니다
.
학점교류 참여대학 현황
대학명
가톨릭대학교, 건국대학교, 광운대학교, 동국대학교, 명지대학교, 삼육대학교, 상명대학교, 서경대학교, 서울과학기술대학교, 서울시립대학교, 서울여자대학교, 성공회대학교, 성신여자대학교, 세종대학교, 숙명여자대학교, 장로회신학대학교, 중앙대학교, 총신대학교, 추계예술대학교, KC대학교, 한국외국어대학교, 한동대학교, 한성대학교, 홍익대학교
(
개별대학 사정에 따라 시행하지 않을 수 있음
)
대학별 지원 기한
※ 대학별로
지원 방법
,
수강신청 기한
,
수업 기간
이 다르니 유의할 것.
※ 현재 모집 중인 대학의 지원 기한은 아래와 같음. 세부사항은 대학별 안내문(첨부) 참고.
기한 엄수하여
본인 소속 학과로 신청
.
가. 한국외국어대학교: 1월 13일(수) 14:00
나. 서울시립대학교: 1월 19일(화) 10:00
참가지원 방법
가
.
신청학점
:
2021-1학기 수강가능 신청학점(19학점) 범위 내
나
.
신청자격
1) 본교 재학 중인 학부생으로서 2020-2학기 기준 3～7학기 재학 예정인 자
2) 직전학기까지 학업성적이 총 평점평균
3.0
이상
(
학적부 성적
기준)인 자
3) 학칙에 의거 징계 받은 사실이 없는 자
다
.
신청방법 및 제출서류
1) 신청방법: 지원서(첨부) 작성하여 소속학과 사무실로
방문 제출
2) 제출서류
⦁국내대학 학점교류 참가지원서(첨부) 1부
⦁성적증명서 1부
라. 주의사항
1) 타 대학에서 취득 가능한 총 학점 수는 본교 졸업학점의 1/3 이내로 함
2) 지원서의 본교 인정교과목 이수구분란 작성 시,
–
전공
과목 인정 여부는
본인 소속 학과
로 문의
– 본교에 인정 과목
없을
경우
교양
선택
으로 인정
–
교양선택으로 인정될 경우 이수구분만 인정되며 분야별 영역이수는 인정되지 않음
(단, 교과과정위원회 사전 심의 및 지정 과목에 한해 영역 인정 가능)
3)
이수 제한
및
재수강 관련
–
교양필수
,
전공기초
,
전공필수
과목은
반드시 본교에서
이수해야 함
–
복수전공
,
부전공
,
연계전공 등 다전공
과목은
반드시 본교에서
이수해야 함
(단,
DIY
자기설계융합전공
지정과목은 가능)
– 본교에서 기 이수한 과목과 동일한 과목은 교류대학에서 이수 불가
– 교류대학에서 이수한 과목의 재수강은 해당 교류대학에서만 가능
4)
교류대학의 수강신청 변경 및 취소, 폐강 등으로 최초 지원서 제출 당시와 신청 내용이 달라진 경우 즉시 해당 내용을 본인 소속 학과에 통지할 것.
5) 교류대학의 성적이 본교 성적&석차 집계일보다 늦게 올 경우, 집계에 반영되지 않을 수 있음.
6) 개인정보 수집 및 이용 동의: 지원서에 작성한 개인정보는 교류대학에 제공되어 관련 업무 처리에 이용될 수 있으며, 이에 대해 동의하지 않을 경우 신청이 취소될 수 있음
마
.
기타
1) 본교 정규학기 최대 수강 가능학점인 19학점에 타 대학 수강신청 학점도 포함되므로, 수강 신청 및 변경 기간에 신청 가능학점이 초과되지 않도록 주의할 것.
2) 타 대학에서 수강하는 동안 강의실 변경 및 분반, 강의실 및 출석 확인 등의 문제 발생 시 본교 학사팀 또는 각 대학별 담당자에 확인하여 불이익 없도록 할 것.
3) 교류대학의 수강신청 변경 및 취소, 폐강 등으로 최초 지원서 제출 당시와 신청 내용이 달라진 경우
즉시 해당 내용을 본인 소속 학과에 통지할 것
.
4) 각 교류대학별 수강안내문 숙지하여 해당교 학사일정 등을 준수해야 함
5) 학점교류 도중 휴학 시 학점 취득 불가함. (교류대학 학칙에 따라 다소 상이할 수 있음)
6)대학별 제한 인원 및 학점 등 참고
교 무 처 장"
korean_language,2020학년도 교육수요자만족도 조사 안내 및 협조 요청,N/A,2020-12-11,https://korlan.ssu.ac.kr/%ed%95%99%ea%b3%bc%ec%82%ac%eb%ac%b4%ec%8b%a4%ec%95%8c%eb%a6%bc/%ea%b3%b5%ec%a7%80%ec%82%ac%ed%95%ad/?term_id&slug=1487,"*국어국문학과 사무실에서 2020학년도 교육수요자만족도 조서 참여율을 독려하고자
해당 관련 사항을 아래와 같이 안내드립니다.
경품 증정 행사도 겸하고 있으니, 국어국문학과 재학생 여러분들의 많은 참여 부탁드립니다.
——————————————-<관련 내용>——————————————
안녕하세요.  데이터기반성과관리센터 교육성과관리팀입니다.
2020학년도 교육수요자만족도 조사
(내국인 학부생 대상, 3,000명 한정)를 실시합니다.(※ 조사 수행 기관: 한국갤럽조사연구소)
우리 센터는 교육수요자인
학생들의 의견을 듣고
,
소중한 의견이 실제 학교 운영에 반영되도록 환류
하는 데에 적극적인 노력을 기울이고 있습니다.
설문에 응답하신 내용은 2021학년도 학교 운영 및 발전계획 수립에 활용합니다.
응답 결과는 철저하게 보호되며, 통계목적으로만 이용됩니다.
★ 조사 참여 전,
교육수요자만족도 조사를 통해 개선된 사항
알아보기★
1. 조사대상 :
현재 숭실대학교 학부에 재학 중인 내국인 학생(휴학생 또는 졸업 유예생은 제외. 사전조사에 참여했던 학생도 참여 가능합니다!)
※ 외국인 학부생, 대학원생 및 졸업생 여러분은 추후 조사를 진행할 예정입니다.
2. 조사 내용:
교육과정, 소속학과, 학교 시설, 학사제도 및 운영, 행정 및 학생지원 서비스에 대한 만족도와 코로나19 관련 교육 서비스 현황 파악
3. 조사 참여 방법 :
온라인/모바일 설문(본 설문은 1번만 응답이 가능합니다. 중복 참여하실 경우 나중에 응답한 설문은 삭제처리됩니다. 응답 사례도 1번만 지급됩니다.)
– 온라인 조사 참여 바로가기 클릭!
– 설문 참여 QR 코드
(※ 모바일로 접속 시 팝업 해제되어 있어야 원활한 참여가 가능합니다)
4. 소요 시간 :
약 5~10분 정도
5. 조사기간 : ~ 12.14(월) 10시
까지
6. 응답 사례
사례 1. 응답 완료자 전원
에게
통합모바일상품권 제공
(조사 참여인원 3,000명 전체 지급. 불성실 응답자는 지급 대상에서 제외. 휴대폰 문자메시지로 발송 예정)
사례 2.
응답 완료자 중
추첨을 통해 푸짐한 경품 제공
(애플워치 1명, 에어팟 프로 3명, 갤럭시 버즈 라이브 5명, 모바일상품권 5,000원권 50명, 스타벅스 기프티콘 50명)
–  공정한 추첨을 위해 경품 추첨은 조사 수행 업체(한국갤럽조사연구소)에서 추첨에서 안내까지 진행할 예정입니다. 또한,
불성실 응답자는 추첨 대상에서 제외
됩니다.
※ 이번 사전조사에는 한 번만 참여 가능하며, 중복 참여하셔도 응답 사례는 한 번만 지급됩니다.(사전조사는 별도의 조사이므로, 사전조사에 참여했던 학생도 본 조사에 참여 가능합니다.)
7. 문의 :
yejong@ssu.ac.kr
여러분의 참여가 더 나은 숭실을 만듭니다.
많은 참여 부탁드립니다. 감사합니다."
korean_language,2021-1학기 국가장학금 1차 신청기간 안내,N/A,2020-11-30,https://korlan.ssu.ac.kr/%ed%95%99%ea%b3%bc%ec%82%ac%eb%ac%b4%ec%8b%a4%ec%95%8c%eb%a6%bc/%ea%b3%b5%ec%a7%80%ec%82%ac%ed%95%ad/?term_id&slug=1476,"국어국문학과 사무실에서 2021학년도 1학기 국가장학금 1차 신청일정을 다음과 같이 안내합니다.
1.  국가장학금 1차 신청기간: 2020.11.24(화)~12.29(화) 18:00
1)  공휴일, 일요일 포함 신청기간 내 24시간 신청 가능
2) 재학생이 1차 신청기간에 신청하지 않을 경우, ‘신청기간 미 준수’로 탈락됩니다.(다만, 구제 신청서를 작성할 경우 재학 중 2회에 한해 구제신청을 받을 수 있습니다.)
3) 1차 신청기간에 신청하지 않을 경우, 국가 및 교내장학금 학기말 지급 가능
2. 서류제출 및 가구원 동의기간: 2020.11.24(화)~12.31(목) 18:00
*서류제출 및 가구원 동의 대상자는 반드시 이를 이행해야 장학금 신청이 완료됩니다.
3. 신청 대상: 대한민국 국적 학부생, 입학 예정자
1) 재학생/신입생/편입생/재입학생/복학생 및 휴학생 등 모든 학적 신청 가능
2) 국가장학금 최대 수혜횟수 범위 내에서 지급 가능
4.  신청 방법: 한국장학재단 홈페이지 온라인 신청
1) 붙임 파일의 신청 매뉴얼 참조
2) 한국 장학재단 홈페이지 주소: www.kosaf.go.kr
5. 상세 안내: 학교 홈페이지 ‘장학’ 공지사항 참조"
korean_language,2021학년도 1학기  학·석사연계과정 지원 및 선발안내,N/A,2020-11-24,https://korlan.ssu.ac.kr/%ed%95%99%ea%b3%bc%ec%82%ac%eb%ac%b4%ec%8b%a4%ec%95%8c%eb%a6%bc/%ea%b3%b5%ec%a7%80%ec%82%ac%ed%95%ad/?term_id&slug=1469,"2021학년도 1학기 학·석사연계과정 지원 및 선발을 아래와 같이 진행하고자 하니 관심 있는 학사과정생께서는 지원해 주시기 바랍니다.
1. 지원기간 :
2020년 12월 7일(월) ~ 12월 24일(목)
2. 모집학과 : 학사과정과 석사과정에 동일(또는 유사)학과가 있는 학과(계약학과 제외)
3. 지원자격 :
다음 각호 모두에 해당되는 자
가) 지원일 당시
학사과정 4학기 이상 6학기 이내 재학 중
(건축학부 건축학전공은 6학기 이상 8학기 이내 재학 중)인 자 => 5학기 내지 7학기 개시 전(건축학부 건축학전공은 7학기 내지 9학기 개시 전)인 학생만 지원 가능
(학
·
석사연계과정 신청자는 조기졸업 신청을 할 수 없음
)
나) 재수강 이전 과목, 학점포기한 과목, F학점 과목 등을 포함한 전체 과목의 총평점평 균이
3.0/4.
5 이상인 자
다)
7학기 또는 8학기
(건축학부 건축학전공은 9학기 또는 10학기)
에 학사과정의 졸업요건을 충족
할 수 있는 자
라) 지원하고자 하는 일반대학원 학과 주임교수와 지도교수의 추천을 받은 자
마) 지원하고자 하는 일반대학원의 동일(또는 유사)학과를 주전공 또는 복수전공하는 자 (부전공, 연계전공은 해당없음)
4. 제출서류 :
학·석사연계과정신청서 1부
5. 지원방법: 제출서류를 구비하여 대학원 교학팀(웨스트민스터홀 658호)로 방문접수
6. 선발인원: 석사과정 입학정원의 20%
7. 발 표 일:
2021년 1월 29(금) 예정 – 학과 및 개별통지
8. 문의처 : 대학원 교학팀(02-820-0258∼9, grad@ssu.ac.kr)
붙임 1. 2021-1 학·석사연계과정 신청 및 선발 안내 1부.
2. 학·석사연계과정신청서 1부. 끝."
korean_language,2021학년도 전기 숭실대학교 일반대학원 수시모집 안내,N/A,2020-11-23,https://korlan.ssu.ac.kr/%ed%95%99%ea%b3%bc%ec%82%ac%eb%ac%b4%ec%8b%a4%ec%95%8c%eb%a6%bc/%ea%b3%b5%ec%a7%80%ec%82%ac%ed%95%ad/?term_id&slug=1466,"안녕하세요.
국어국문학과 사무실에서 2021학년도 전기 숭실대학교 일반대학원 수시모집 일정을 안내드립니다.
대학원 진학에 관심 있는 학생들은 참고하여 주시기 바랍니다.
<수시모집 일정>
구분
일정
비고
원서접수 및 서류제출
2020.12.07.(월)~12.18.(금)
온라인접수 후 서류제출
모집전형
2021.01.04.(월)
각 학과 지정장소
합격자발표
2021.01.13.(수) 예정
대학원 홈페이지
합격자등록
2021.01.19.(화)~01.20.(수)
우리은행 전국지점
감사합니다.
국어국문학과 사무실 올림."
korean_language,2020학년도 정기 학습역량진단(LCT-CMB) 참여 안내,N/A,2020-11-11,https://korlan.ssu.ac.kr/%ed%95%99%ea%b3%bc%ec%82%ac%eb%ac%b4%ec%8b%a4%ec%95%8c%eb%a6%bc/%ea%b3%b5%ec%a7%80%ec%82%ac%ed%95%ad/?term_id&slug=1456,"교수학습혁신센터에서 본교 학부생을 대상으로 2020학년도 정기 학습역량진단(LCT-CMB)을 실시합니다.
2020학년도 정기 진단 실시 정보
가. 대상: 본교 학부 재학생
나. 진단 기간: 11.10.(화)~12.13.(일), 5주
다. 진단 언어: 한국어, 中國語
라. 목표 인원 수: 1,000명 이상
마. 참여 혜택
1) 교내 생협 식권 5,000원권 지급(선착순 1,000명)
2) 개인별 학습역량 분석 리포트 제공
바. 참여 방법
1) FUN시스템 학습역량 진단 페이지(fun.ssu.ac.kr/ko/essential/competency) 접속 후 로그인
2) 한국인 학생은 한글 진단명을, 中國人 학생은 中文 진단명을 클릭하여 진단
사. 실시 목적
1) 2020학년도 본교 학부생 학습역량 수준 분석
2) 2017→2020학년도 본교 학부생 학습역량 변화도 분석(전공계열, 학년, 내/외국인)
3) 2020학년도 학습역량 강화 프로그램 효과성 검증
4) 2021학년도 이후 학습역량 강화 프로그램 신설 및 개선(안) 도출
5) 학생 개별 학습역량 분석 리포트 제공 및 맞춤형 학습역량 강화 프로그램 참여 유도
6) 학습역량 진단 결과를 추후 학습자 상담 또는 학습코칭 기본 자료로 활용
학습역량진단(LCT-CMB) 개요
가. 본교 이경화 교수(평생교육학과) 등이 2011년에 개발한 검사 도구
나. 대학생의 학습역량을 ‘학습자의 인지(Cognition), 학습 동기(Motivation), 학습 행동(Behavior) 영역을 포괄한, 학습을 잘 할 수 있는 힘’이라고 정의
다. 숭실 7대 학습 역량을 19개 하위요소로 세분화하여 진단
학습 역량
인지(Cognition)
동기(Motivation)
행동(Behavior)
고등
사고력
창의성
문제
해결력
정서
동기
학습전략
학습환경관리 및
자원 활용력
고등사고
초인지
창의적 능력
창의적 성향
문제해결과정
조작과 실천
우울
시험불안
학습스트레스
자기결정성
학습목표지향성
자기효능감
집중전략
노트정리
기억전략
노력조절
학습 환경관리
도움 및 자원활용
진로준비"
korean_language,[중앙도서관] 레포트작성을 위한 정보활용교육 & 퀴즈대회 안내,N/A,2020-11-11,https://korlan.ssu.ac.kr/%ed%95%99%ea%b3%bc%ec%82%ac%eb%ac%b4%ec%8b%a4%ec%95%8c%eb%a6%bc/%ea%b3%b5%ec%a7%80%ec%82%ac%ed%95%ad/?term_id&slug=1452,"중앙도서관에서는 코로나19로 인해 진행되지 못한 2020학년도  ‘신입생 도서관 정보활용교육’과  ‘학부생 대상  도서관 활용교육’을 아래 프로그램들로 대체하고자 합니다.
1.레포트 작성을 위한 정보활용교육
가. 일시 : 2020.11.18.(수) 14:00~15:30
나. 내용
1) 레포트의 개념과 기본형식
2) 학술정보의 이해
3) 도서관 소장/미소장 학술정보 검색 및 이용법
4) 참고문헌인용법/표절방지(학습윤리) 교육
다. 진행방법 : ZOOM을 활용한 온라인 실시간 교육으로 진행
2. 중앙도서관 학술정보퀴즈대회
가. 일시 : 2020.11.24.(화) 17:00~17:30
나. 목적 : 도서관 학술자료 홍보와 우수이용자 포상
다. 진행방법
1) ZOOM으로 동시접속해 화면을 보면서 핸드폰으로 퀴즈를 푸는 방식으로 진행
2) ‘퀴즈N’을 활용하여 진행되며, 점수와 순위 실시간 공지
3) 상위입상자에게  장학금과 상품 수여(붙임 1 참조)
라. 출제범위 : 도서관 홈페이지와  ‘2020 도서관 정보활용안내’ 책자에서 주로 출제될 예정이며, 18일 진행되는 ‘레포트작성을 위한 정보활용교육’에서 주요 내용 강의
신청 : 도서관 홈페이지 우측 가운데 ‘정보활용교육’ 아이콘 클릭
https://oasis.ssu.ac.kr/#/education/result/?offset=0&max=20"
korean_language,2020-2학기 교수학습혁신센터 학습역량 강화 프로그램 안내,N/A,2020-11-11,https://korlan.ssu.ac.kr/%ed%95%99%ea%b3%bc%ec%82%ac%eb%ac%b4%ec%8b%a4%ec%95%8c%eb%a6%bc/%ea%b3%b5%ec%a7%80%ec%82%ac%ed%95%ad/?term_id&slug=1449,"교수학습혁신센터는 본교 학부생의 학습역량 강화를 목표로 2020-2학기 다음과 같이 비교과 프로그램을 운영하고 있습니다. 학생 여러분의 많은 참여 부탁드립니다.
1. 모집 중 프로그램 목록(2020.11.10. 기준)
번호
프로그램명
개요
대상
모집기간
상세 안내 및 신청
1
학습법 워크숍
2차
현 자신의 동기 상태 점검과 자율성, 유능감, 인간관계 등을 통한 동기부여 방법 안내
학부 재학생
~12.20.
https://fun.ssu.ac.kr/ko/program/all/view/1628
2
학습법 워크숍
3차
맵핑노트, 트리다이어그램 등 효과적인 필기비법 및 다양한 노트 정리 활용법 안내
학부 재학생
~12.20.
https://fun.ssu.ac.kr/ko/program/all/view/1659
3
학습법 워크숍
4차
리포트 주제 설정을 위한 툴과 팁, 내용 구성방법 등 리포트 작성 노하우 안내
학부 재학생
~12.20.
https://fun.ssu.ac.kr/ko/program/all/view/1689
4
UCC/에세이 공모전
온라인 자기주도 학습 우수사례, 외부 공모전 수상 우수사례를 UCC 제작 또는 에세이로 작성하여 공모
학부 재학생
~11.30.
https://fun.ssu.ac.kr/ko/program/all/view/1658
2. 문의처: 교수학습혁신팀(02-828-7136)"
korean_language,2020-2학기 작가초청강연회 안내,N/A,2020-10-30,https://korlan.ssu.ac.kr/%ed%95%99%ea%b3%bc%ec%82%ac%eb%ac%b4%ec%8b%a4%ec%95%8c%eb%a6%bc/%ea%b3%b5%ec%a7%80%ec%82%ac%ed%95%ad/?term_id&slug=1441,"안녕하세요, 국어국문학과 사무실입니다.
2020-2학기 작가초청강연회 일정을 다음과 같이 안내드리고자 합니다.
코로나 19로 인해 강연회는
온라인(zoom)으로 진행
될 예정이며,
줌 링크는 FUN시스템으로 신청하신 분에 한하여 받을 수 있습니다.
1. 초청작가:
소설가 강화길
2. 강연회 일시:
2020년 11월 17일(화) 오후 6시부터 진행
3. 참여방법:
1) FUN시스템 로그인(fun.ssu.ac.kr)
2) 국어국문학과 작가초청강연회 검색
3) “신청하기” 클릭
4. 신청기한:
2020년 10월 30일~11월 16일 00시 00분까지
2020-2학기 작가초청강연회에 많은 참여 부탁드립니다."
korean_language,[2020 세계한국어 대회 안내문] 세계한국어대회 제 1분과 개인 논문 발표/ 포스터 발표 공모/ 한국어랩 공모 안내,N/A,2020-10-27,https://korlan.ssu.ac.kr/%ed%95%99%ea%b3%bc%ec%82%ac%eb%ac%b4%ec%8b%a4%ec%95%8c%eb%a6%bc/%ea%b3%b5%ec%a7%80%ec%82%ac%ed%95%ad/?term_id&slug=1423,"문화체육관광부,
국립국어원, 국립한글박물관이 주최하고
2020 세계한국어대회 조직위원회가 주관하는
이번 세계한국어대회가 2020년
12월 21일부터 12월 23일까지 서울드래곤시티호텔에서 개최됩니다.
2020 세계한국어대회의 제1분과에서는 학계를 대표하는 연구자들이 참여하는
주제별 논문 발표와 토론 외에 개인 논문 발표와 포스터 논문 발표가 동시에 진행되며,
별도의 부대행사로 전 국민이 참여할 수 있는 ‘한국어랩’을 공모하여 역량 있는 분들의 참가를 요청 부탁드립니다.
성공적인 대회 개최를 위해 포스터 논문 제출 기한이
11월 4일(수)
까지 연장되었습니다.
아직 신청자 수가 부족하여 더 많은 분들이 개인 논문 발표와 포스터 논문 발표에 참여할 수 있도록
다시 한번 참여 독려를 부탁드리겠습니다.
감사합니다.
2020년 10월 27일
2020 세계한국어대회 공동 조직위원장
—
‘2020 세계한국어대회’ 제1분과 사무국
전화: 82-02-550-2684, 휴대전화: 82-010-9828-3707
전자우편:
wckl2020.div1@gmail.com"
korean_language,2020학년도 2학기 연구장려장학금 신청 안내(대학원),N/A,2020-10-23,https://korlan.ssu.ac.kr/%ed%95%99%ea%b3%bc%ec%82%ac%eb%ac%b4%ec%8b%a4%ec%95%8c%eb%a6%bc/%ea%b3%b5%ec%a7%80%ec%82%ac%ed%95%ad/?term_id&slug=1418,"1. 장학제도 안내
가. 신청자격
1) 일반대학원 소속 재학생 중 수업연한 이내인 재학생 (석사 및 박사과정 4학기, 석박사
통합과정 8학기 이내)
2) 한국연구재단등재(후보) 학술지 또는 동급 이상 외국학술지에 논문 게재한 자
나. 지급금액: 100,000원 (게재논문 1건당 대표 1인에게 지급)
※ 1인당 수혜 횟수, 타 장학금과의 중복수혜 제한 없음.
※ 학기별 예산금액 범위 내에서 선발하여 지급하며, 예산범위를 초과하여 신청서가 접수될
경우 타 장학금 중복수혜여부, 연구장학금 과거 수혜여부 등을 검토하여 대상자를 선발함.
다. 유의사항
1)
2020.04.30.이후 게재된 논문에 한해 장학금 신청 가능 (게재예정 제외)
※ 2020학년도 1학기 연구장려장학금 신청기간 후 게재된 연구실적 인정
※ 2020학년도 2학기 입학자는 입학일자 이후 게재실적 인정
2) 박사과정 학위청구논문 제출자격을 위한 연구실적으로는 장학금 신청 불가
3) 1인당 수혜 횟수의 제한은 없으며, 타 장학금과 제한 없이 중복수혜 가능
4)
외국학술지에 논문을 게재한 학생의 경우 해당 학술지의 한국연구재단등재(후보)
학술지 동급여부를 소속 학과 주임교수의 확인 서명 또는 도장을 받아 신청하여야 함.
2. 신청방법 안내
가. 신청기간: 2020.11.02.(월)~2020.11.13.(금)
나. 신청방법: 신청서 및 증빙서류 대학원 교학팀으로 방문 또는 이메일 제출
1) 방문제출: 웨스트민스터홀 658호
2) 이메일 제출: 스캔본 첨부해
grad@ssu.ac.kr
로 제출
※
이메일 신청 시 제목을 반드시 “연구장학금 신청”으로 지정하여 제출하여야 함.
다. 제출서류
– 장학금 신청서 (붙임 양식)
– 논문게재확인서 (확인서가 발급되지 않는 경우, 게재확정 안내 이메일 등 제출 가능)
– 논문 인쇄본"
korean_language,제 6회 김현승시문학상 시상식 기사,N/A,2020-10-23,https://korlan.ssu.ac.kr/%ed%95%99%ea%b3%bc%ec%82%ac%eb%ac%b4%ec%8b%a4%ec%95%8c%eb%a6%bc/%ea%b3%b5%ec%a7%80%ec%82%ac%ed%95%ad/?term_id&slug=1415,"<왼쪽부터 김인섭교수, 황재연학생, 김형식학생, 조민주학생, 황준성총장, 김연옥교수, 김순배위원, 이승복교수, 이경재교수>
10월 13일(화) 오후 4시 본교 총장실에서 전국 대학생 대상 ‘제6회 김현승 시문학상’ 시상식이 열렸다. 이번 김현승 시문학상에는 총 91명의 전국 대학생이 참여했으며 480여 편의 응모 작품이 접수됐다. 당선작으로는 조민주 학생(단국대학교 문예창작과)의 ‘거북아 거북아’가 뽑협고, 가작으로는 김형식 학생(세종대학교 국어국문학과)의 ‘어금니’와, 황재연 학생(명지대학교 문예창작학과)의 ‘Lemon bar’가 각각 선정됐다.
황준성 총장은 “청년들이 시를 창작하는 여유를 갖고, 수상까지 한다는 것은 정말 대단한 일이라고 생각한다. 고학년이라 마음의 여유가 없을 텐데 창작에 도전하고 여유를 가지는 게 대단하다. 협력하고 공존하는 상생의 시대를 만들어가는 선두주자 역할을 하고 있는 것 같아 대견하다”며 “숭실대가 자랑하는 다형 김현승 시인의 후손들의 후원을 통해 매년 시문학상을 할 수 있어서 매우 뿌듯하다. 우리 숭실대학교에 관심 가져주시고 사랑해주셔서 감사하다”고 축하인사를 전했다.
이에 조민주학생은 “김현승 시인님의 <가을의 기도>를 인상 깊게 읽었다. ‘낙엽이 지는 때를 기다려 내게 주신 겸허한 모국어로 나를 채우소서’라는 문장을 읽으면서, 겸손한 마음으로 경험을 기반으로 시를 써야겠다고 다짐했다. 문학을 좋아하는 만큼 잘 쓸 자신이 없어 늘 글 앞에서 도망치고 싶었지만 친구들이 이 마음을 표현하게 도와줬다”며 “덕분에 스스로의 부족함을 인정하며 습작할 수 있었다. 단국대 동기들과 심사위원분들, 교수님들께 감사드린다는 말씀을 꼭 전하고 싶다”며 소감을 전했다.
이날 시상식에는 황준성 총장, 예술창작학부장 김인섭 교수, 수학과 김연옥 명예교수, 차녀 김순배 유족위원,영어영문학과 이승복 교수, 인문대학 이경재 부학장이 참석했다.
한편 본교는 평양 숭실전문의 학생으로서 문단에 등단하여 문학사적 업적을 남겼으며, 광복 후 서울 숭실대학의 문과대 교수로서 문학교육과 문인양성에 공헌한 다형(茶兄) 김현승 시인의 문학적 업적을 계승하고 학생들의 시 창작을 활성화시키기 위해 김현승 시문학상을 제정하였다. 매년 일정 기금을 출연 해준 유족을 비롯해 문예창작전공 교내·외 교수, 신문방송 주간, 국어국문학과장 등이 운영위원으로 활동하고 있고, 김인섭 교수가 운영위원회를 총괄하고 있다.
<조민주 학생>
<황재연 학생>
<김형식 학생>
심사위원
이은봉 (광주대학교 문예창작학과 명예교수)
강형철 (전 숭의여자대학교 미디어문예창작학과 교수)
엄경희 (숭실대학교 국어국문학과 교수)
<총평>
본심에 오른 작품들이 예년에 비해 현실에 대한 진지한 고민을 반영한 작품이 많았다는 면에서 고무적이지만 한편 현실의 모습을 너무 어둡게만 형상화하는 ‘과도함’이 다소 우려도 갖게 했다. 이러한 현상은 우리 사회가 그만큼 부조리하다는 것을 반영한 것이겠지만 시의 사회적 기능은 비판의 안목에 병행해 모순된 현실을 돌파하려는 의지 또는 미적 전략을 갖추어야만 온전히 수행될 수 있다. 조민주(단국대학교, 문예창작학과 4학년)의 시 ｢거북아 거북아｣를 비롯해 ｢움막｣, ｢세계는 붙박이장｣은 현실의 어두운 면을 직시하면서도 그 감정에 매몰되지 않는 투명함과 경쾌함을 보여 심사위원들의 기대를 만족시켰던 작품들이라 할 수 있다. …(중략)… 특히 심사원들이 당선작으로 꼽은 ｢거북아 거북아｣는 인간을 바라보는 호수 속 거북이와 거북이를 바라보는 호수 밖 화자 사이의 단절을 역할 바꾸기, 즉 화자가 거북이가 되어봄으로써 이전에 보지 못했던 새로운 세계를 발견하는 과정을 경쾌하고 밝은 어조로 묘사하고 있는데, 이는 생태적 위기에 직면한 현실의 문제를 어떻게 풀어갈 것인지에 대한 시적 담론의 새로운 가능성을 보이는 것이라 할 수 있다."
korean_language,한국학중앙연구원 한국학대학원 2021학년도 일반전형 신입생 모집 홍보,N/A,2020-10-19,https://korlan.ssu.ac.kr/%ed%95%99%ea%b3%bc%ec%82%ac%eb%ac%b4%ec%8b%a4%ec%95%8c%eb%a6%bc/%ea%b3%b5%ec%a7%80%ec%82%ac%ed%95%ad/?term_id&slug=1404,"안녕하세요, 국어국문학과 사무실입니다.
2021학년도 한국학중앙연구원 한국학대학원 신입생 모집 요강을
아래와 같이 홍보하오니, 관심 있는 학생들은 참조하시기 바랍니다.
감사합니다."
korean_language,EBS 여행하는 책 홍보 안내,N/A,2020-10-13,https://korlan.ssu.ac.kr/%ed%95%99%ea%b3%bc%ec%82%ac%eb%ac%b4%ec%8b%a4%ec%95%8c%eb%a6%bc/%ea%b3%b5%ec%a7%80%ec%82%ac%ed%95%ad/?term_id&slug=1399,"책 한권이 주는 감동 이야기
,
유명인사가 전하는
‘
내 인생 책
’
“
책이 묻고 당신이 답 합니다
!”
‘책 읽기의 르네상스 시대’가 돌아오길 기대하며 제작된
EBS 독서 장려 캠페인입니다!
여행하는 책의 첫 번째 주인공!
저작권 등록만 1,000곡 이상인 대한민국 메가 히트 작곡가
‘
김형석 작곡가
’
추천도서
: <
아침의 피아노
>
(김진영, 한겨레출판, 2018년)
여행하는 책의 두 번째 주인공!
‘
안무가 리아킴
’
추천도서
: <
뇌는 춤추고 싶다
>
(장동선, 줄리아 크리스텐슨, 아르떼, 2018년)
여행하는 책의 세 번째 주인공!
‘
송미경 작가
’
추천도서
: <
잃어버린 영혼
>
(올가 토카르추크 글/
요안나 콘세이요
그림,
사계절
, 2018년)
이들이 추천한 책을 읽고 소통하실 분을 찾습니다
!
자세한 내용은
?
<EBS
여행하는 책
>
인스타그램
,
페이스북 계정
@ebs_travelingbook
으로 문의 주세요
언제나 열려있습니다
♥
◈
담당자
>
윤아름 작가 010-9689-5051"
korean_language,제 6회 김현승 시문학상 수상자 발표,N/A,2020-10-05,https://korlan.ssu.ac.kr/%ed%95%99%ea%b3%bc%ec%82%ac%eb%ac%b4%ec%8b%a4%ec%95%8c%eb%a6%bc/%ea%b3%b5%ec%a7%80%ec%82%ac%ed%95%ad/?term_id&slug=1396,"제 6회 김현승 시문학상 수상자는 다음과 같습니다.
당선작:
거북아, 거북아 (단국대학교 조민주)
가작:
어금니 (세종대학교 김형식)
Lemon bar (명지대학교 황재연)
시문학상 수상을 축하드립니다."
korean_language,2020-2학기 졸업논문 계획서 및 졸업논문 제출 안내,N/A,2020-09-21,https://korlan.ssu.ac.kr/%ed%95%99%ea%b3%bc%ec%82%ac%eb%ac%b4%ec%8b%a4%ec%95%8c%eb%a6%bc/%ea%b3%b5%ec%a7%80%ec%82%ac%ed%95%ad/?term_id&slug=1393,"안녕하세요. 국어국문학과 사무실에서 2020학년도 2학기 논문계획서 및 졸업논문 제출에 관하여 다음과 같이 알려드립니다.
1.
논문계획서
(
논문제목
,
지도교수
)
입력 및 결과 제출
가. 대상자 :
1) 7학기 이상 이수중인 재학생 및 8학기 재학생 중 계획서를 제출하지 않은 자
2) 수료생 중 졸업예정자 신청을 한 자
나. 기간: 2020년 11월 2일(월)까지
다. 제출방법: 첨부파일의 양식을 받아서 작성 후 오프라인 제출(학과 사무실 조만식641호)
※ 코로나19로 2020학년도 2학기에 한하여 국어국문학과 이메일(korlan@ssu.ac.kr)로 제출 가능
라. 유의사항
2020년도 9월 14일 기준의 7,8학기 이수 이상 재학생 및 수료생의 논문계획서 제출여부를 첨부한 PDF 파일을 통해 확인하세요. 논문 계획서와 다르게 논문을 제출하실 분들도 논문계획서를 다시 제출하시면 됩니다.
2.
졸업논문 제출
가. 대상자 :
1) 8학기 이상 이수중인 졸업예정자
2) 6~7학기 이수중인 조기졸업 대상자
3) 수료생 중 졸업예정자 신청을 한 자
나. 기간: 2020년 12월 7일(월) 17:00까지
다. 제출방법: 스프링 제본을 완료한 논문을 오프라인(학과 사무실 조만식641호)으로 제출
라. 분량: 표지와 목차를 제외한, 논문규격에 맞춘 A4 용지 30장 내외
※ 코로나19로 2020학년도 2학기에 한하여 국어국문학과 이메일(korlan@ssu.ac.kr)로 제출 가능.
마. 제출기한
2020년 12월 7일(월) 17:00 이전까지 스프링 제본을 완료한 논문을 제출해야하며 이후 논문 제출 절대 불가. 12월 7일(월) 17:00 이후 제출자에게는 다음 학기에 논문을 제출하도록 안내할 예정.
취업 등으로 인하여 직접 제출이 불가한 자는 우편으로 송부 가능. 단, 학과사무실에서 논문을 수령한 시간이 12월 7일(월) 17:00 이전이어야 함.
※ 2020년도 2학기에는 학과 이메일로 12월 7일 17:00이전까지 송부하는 논문만 인정
(직접 사무실로 제출하는 방식도 가능. 단, 직접 제출시 위 유의사항 적용.)
참고 : 지도교수 란은 자신이 쓰고 싶은 논문 주제와 맞는 해당 분야 전공 교수님 성함을 써주시기 바랍니다.
국어학(형태론, 통사론) : 오충연 교수님
국어학(의미론, 화용론, 한국어교육) : 임채훈 교수님
국어학(국어사, 음운론) : 소신애 교수님
고전문학(고전시가) : 조규익 교수님(연구년으로 지도교수 위촉 불가)
고전문학(고전소설) : 장경남 교수님
현대문학(현대시) : 엄경희 교수님
현대문학(현대소설) : 이경재 교수님
3.
유의사항
가. 위에 명시된 제출 기한을 꼭 지켜주시기 바라며, 이후에는 받지 않습니다.
나. 논문계획서는 자필, 워드 모두 가능하며 논문은 반드시 스프링 제본을 마친 완본을 제출하셔야 합니다.
다. 논문 작성 시 반드시 정해진 규격을 준수해야 합니다.
라. 타인의 연구 자료를 무단으로 도용하거나 인터넷 이곳저곳에 있는 자료를 임의로 짜깁기하는 행위는 절대로 있어서는 안 되는 매우 부끄럽고 파렴치한 행위이며 범죄입니다. 여러분은 국어국문학과 학부 교과과정을 4년 동안 훌륭하게 이수한 학생입니다. 전공자의 기품과 실력에 어울리는 정직한 논문을 써주시기 바랍니다. 특히 인용한 내용에 대해서는 각주 및 참고문헌을 정확히 기재해 주시기 바랍니다. 부정이 발견되면 졸업하지 못합니다.
마. 자격증 및 수상실적으로 논문을 대체하는 논문 제출 마감일 전까지 자격증 사본을 꼭 제출해 주시기 바랍니다.
바. 자격증 및 수상실적으로 논문을 대체하는 학생도 논문계획서는 기간 내에 꼭 제출해 주셔야 합니다.
사. 논문 대체를 위한 자격증 및 수상실적 범위는 학과 홈페이지의 내규를 참고해 주세요. 논문 제목이 바뀐 분들도 논문 계획서를 다시 제출하셔야 합니다."
korean_language,2020-1학기 전면 절대평가 적용으로 인한 백마성적우수장학금 성적 동점자 처리 안내,N/A,2020-09-09,https://korlan.ssu.ac.kr/%ed%95%99%ea%b3%bc%ec%82%ac%eb%ac%b4%ec%8b%a4%ec%95%8c%eb%a6%bc/%ea%b3%b5%ec%a7%80%ec%82%ac%ed%95%ad/?term_id&slug=1335,"백마성적우수장학금 성적 동점자 처리를 위한 순위 결정 항목에 대해 다음을 순차적으로 적용함.
1. 국어국문학과 전공과목 수강 수가 많은 순으로 정한다.
2. 국어국문학과 전공과목 학점 평균이 높은 순으로 정한다.
3. 답사, 모꼬지, 학생회 활동 등 학과 활동이 많은 순서로 한다.
4. 학년 : 학년이 낮은 순서로 한다.
5. 학번 : 학번이 낮은 순서로 한다.
6. 위 여섯가지로도 변별되지 않으면, 별도의 교수회의를 한다."
korean_language,제 6회 김현승시문학상 개최 안내,N/A,2020-09-09,https://korlan.ssu.ac.kr/%ed%95%99%ea%b3%bc%ec%82%ac%eb%ac%b4%ec%8b%a4%ec%95%8c%eb%a6%bc/%ea%b3%b5%ec%a7%80%ec%82%ac%ed%95%ad/?term_id&slug=1329,"숭실대학교에서는 한국 시문학사에서 독보적인 위상을 갖는 다형 김현승 시인을 기리는 제 6회 김현승 시문학상 응모작을 공모합니다.
평양 숭실전문 문과 학생이자 서울 숭실대학 문리대 교수였던 김현승 시인의 민족의식과 문학정신을 계승하기 위한 김현승 시문학상에 많은 참여 바랍니다.
응모기간 : 2020. 08. 31(월) ~ 09. 09(수)
응모자격 : 전국 대학(교) 학부생 및 대학원생
작품주제 : 제한 없음
응모작품수 : 시 5편
응모방법 :
참가신청서 1부 및 응모작품 5편을 하나의 파일로 만들어, 이메일(korlan@ssu.ac.kr)로 제출
(메일 제목 : [응모] ‘성명-대학명’으로 통일)
수상작 발표 :
2020. 10. 06(화) 숭실대학교 홈페이지, 숭실대학교 국어국문학과 홈페이지, 숭실대학교 예술창작학부 문예창작전공 홈페이지
시상내역 : 당선작 1명, 상장 및 상금(150만원) / 가작 2명, 상장 및 상금(70만원)
유의사항 :
1. 응모작은 본인의 미발표 순수창작이어야 하며, 기발표 및 표절작품 확인시 무효처리하고, 수상작 발표 이후에라도 확인이 되면 입상이 취소됩니다.
2. 제출작은 반환하지 않으며, 수상작에 대한 제반 권한은 숭실대학교 김현승시문학상운영위원회에 귀속됩니다.
3. 지원은 미등단 신인에 한하며, 심사기준에 부합하는 응모작이 없을 경우 해당 수상작을 선정하시 않을 수 있습니다.
문의 : 숭실대학교 인문대학 국어국문학과 사무실(02-820-0320)"
