department,title,author,date,link,content
philosophy,2026학년도 1학기 한국장학재단 국가장학금 1차 신청 안내,N/A,2025-11-20,https://philo.ssu.ac.kr/%ed%95%99%ea%b3%bc%ec%82%ac%eb%ac%b4%ec%8b%a4%ec%95%8c%eb%a6%bc/%ea%b3%b5%ec%a7%80%ec%82%ac%ed%95%ad/?term_id&slug=5774,"1. 신청 기간: 2025.11.20(목) 9:00~2025.12.26(금) 18:00까지
2. 서류 제출 및 가구원 동의 기간: 2025.11.20(목) 9:00~2026.01.02(금) 18:00까지
3. 신청대상: 신입생(고3, 재수생 등 입학예정자), 재학생, 편입생, 재입학생, 복학생 및 휴학생 등 모든 학적 신청가능
*재학생은 1차 신청이 원칙이며, 재학 중 2회에 한해 2차 신청으로 수혜 가능 (단, 구제신청 2회 기사용 또는 기타 탈락사유 존재 시 지원 불가)
*국가장학금 신청 후 소득분위 심사가 완료된 학생에게 교내장학금 지급이 가능하므로 반드시 신청.
4. 신청방법: 한국장학재단
누리집(www.kosaf.go.kr)
및 모바일 앱에서 신청"
philosophy,[공지] 2025학년도 2학기 학부 기말 강의평가 안내,N/A,2025-11-13,https://philo.ssu.ac.kr/%ed%95%99%ea%b3%bc%ec%82%ac%eb%ac%b4%ec%8b%a4%ec%95%8c%eb%a6%bc/%ea%b3%b5%ec%a7%80%ec%82%ac%ed%95%ad/?term_id&slug=5753,간단 안내입니다. 확인 부탁드립니다.
philosophy,[특강] 2025-2학기 숭실철학특강-“AI 윤리와 정서적 관계주의-도덕적 지위를 중심으로”,N/A,2025-11-05,https://philo.ssu.ac.kr/%ed%95%99%ea%b3%bc%ec%82%ac%eb%ac%b4%ec%8b%a4%ec%95%8c%eb%a6%bc/%ea%b3%b5%ec%a7%80%ec%82%ac%ed%95%ad/?term_id&slug=5723,"숭실대 철학과에서는 우송대 김남호 선생님을 모시고, “AI 윤리와 정서적 관계주의-도덕적 지위를 중심으로” 특강을 진행하고자 합니다.
<일자 및 장소>
-일자: 11월 18일(화) 오후 5시 30분~
-장소: 미래관 107호
<신청 기간 및 방법>
-신청기간: 2025. 11. 05~2025. 11. 18
-신청 방법: 슈패스(ssu-path) 신청 및 등록. 링크:
-신청 자격: 숭실대 전체 학생(학과, 학년 무관)
-신청 링크:
https://path.ssu.ac.kr/ptfol/imng/icmpNsbjtPgm/findIcmpNsbjtPgmInfo.do?encSddpbSeq=c022de26a28daf20cc1df040d728bc9b&paginationInfo.currentPageNo=1
기타 문의는 철학과 사무실(02-820-0370. philosophy@ssu.ac.kr)로 부탁드립니다."
philosophy,[졸업] 2025-2학기 졸업논문 계획서 및 졸업논문 제출 안내,N/A,2025-10-22,https://philo.ssu.ac.kr/%ed%95%99%ea%b3%bc%ec%82%ac%eb%ac%b4%ec%8b%a4%ec%95%8c%eb%a6%bc/%ea%b3%b5%ec%a7%80%ec%82%ac%ed%95%ad/?term_id&slug=5599,"안녕하세요, 철학과 사무실입니다.
2025-2학기 졸업논문 계획서 및 졸업논문 제출과 관련하여 공지 드립니다.
논문계획서 제출
가. 제출 마감 기한 :
2025년 11월 28일 (금요일) 17시까지
나. 대상 : 해당 학과의 7학기 이상 재학생 또는 수료생 전체
다. 방법 : 졸업 논문 계획서 양식을 다운로드하여 작성
*지도를 희망하는 전임 교수, 연구 교수 있을 시 기재 (연구년 중인 교원 배정 불가)
교원 사정과 지도교수 희망 인원에 따라서 희망 내역이 반영되지 못 할 수 있으니 양해 부탁드립니다.
*논문 계획서 제출은 졸업 요건이 아니지만 지도교수 배정 및 논문 지도를 받는 데 필수적인 자료이므로 제출을 권고드립니다.
=> 작성 후, 학과 이메일(
philosophy@ssu.ac.kr)
로 송부
졸업논문 제출
가. 제출 마감 기한 :
2025년 12월 12일(금요일) 17시까지
나. 대상 : 매 학기 졸업예정자(아래 참조)
1) 8학기 및 133학점 이상 취득예상 재학생인 졸업예정자
2) 6~7학기 재학 중인 조기졸업 승인된 졸업예정자
3) 7학기 이수중인 학·석사 연계과정 승인된 졸업예정자
4) 수료생 중 졸업논문, 졸업종합시험 신규 합격자
다. 방법: 학과 홈페이지에서 졸업 논문 작성법을 참고하여 양식틀에 맞춰 작성
필수요건:
*논문은 기본적으로 11p, 줄간격 160%로 15장 이상이어야 함.
표지와 목차, 참고문헌을 제외해서 15장이니 이점 유의.
(즉, 표지 1장 + 목차 1장 + 참고문헌 1장 + 내용 15장 이상 = 총 18장 이상)
*표지 양식에는 논문제목, 학과, 학번, 이름, 지도교수가 반드시 포함되어야만 함.
*쪽 번호는 머리말부터 들어감. (표지 및 목차에는 넣지 않음)
*참고문헌은 10개 이상. 본문에 직접 인용되어 있어야 함.
※ 학사일정으로 인해 기한을 넘길 시에는 받지 않습니다.
※ (졸업논문) 반드시 기한 내에
(1)
학과사무실 이메일 (philosophy@ssu.ac.kr)
로 송부해주시고,
(2)
직접 출력
하여 과사무실로 제출해 주시기 바랍니다.
※ 졸업 유예 예정인 학생의 논문은 받지 않습니다. 졸업 희망 학기 때 제출해주세요."
philosophy,[공지] 2025년 학부/대학원생을 위한 폭력예방교육(법정의무교육) 안내(1학기 이수자 해당사항 없음),N/A,2025-10-14,https://philo.ssu.ac.kr/%ed%95%99%ea%b3%bc%ec%82%ac%eb%ac%b4%ec%8b%a4%ec%95%8c%eb%a6%bc/%ea%b3%b5%ec%a7%80%ec%82%ac%ed%95%ad/?term_id&slug=5648,"1. 교육 개요
가. 과정명: 2025년 학부/대학원생을 위한 폭력예방교육
나. 유형: 필수교육(법정의무교육)
다. 기간: 2025.10.01.(수) ~ 2025.12.31.(수)
라. 대상: 학부/대학원 재학생(외국인 포함)
※ 1학기에 해당 교육을 이수한 인원은 재이수 불필요
마. 방식: 온라인 동영상 강의(한국어, 영어, 중국어 제공)
바. 내용: 성희롱, 성폭력, 가정폭력, 인권, 성인지, 2차 피해
사. 이수 기준 및 이수증: 차시에 상관없이 언어별 1개 강의 100% 이수 시 이수증 발급
2. 교육 이수 방법(붙임 매뉴얼 참조)
u-SAINT 로그인 → LMS 바로가기(왼쪽 메뉴 영역 중간) → 마이페이지(Learning)
→ 2025년 학부/대학원생을 위한 폭력예방교육→ ‘과목 홈 바로가기’ → 주차학습
→ 언어별 강의 선택 (한국어, 영어, 중국어 중 택 1 가능)
3. 안내사항
가. 미이수자 학기말 성적 조회 제한
1)
2025.12.20(2학기 종강일)까지 이수 시 성적조회 기간에 조회 가능
2) 2025.12.21(일)부터 성적조회 기간 내 이수 시 교육 이수 다음날 오후에 성적조회 가능
나. 이수율 저조 시 미이수자에게 독려 문자 및 메일 발송 예정."
philosophy,[공지] 생성형 AI 모델 활용 플랫폼 ‘팩트챗’ 서비스 무료 배포 안내,N/A,2025-09-03,https://philo.ssu.ac.kr/%ed%95%99%ea%b3%bc%ec%82%ac%eb%ac%b4%ec%8b%a4%ec%95%8c%eb%a6%bc/%ea%b3%b5%ec%a7%80%ec%82%ac%ed%95%ad/?term_id&slug=5506,"1. 본교 재직 교직원 및 재학생을 대상으로 다양한 생성형 AI 모델을 무료로 활용할 수 있는 ‘팩트챗(FactChat)’ 서비스가 2025년 9월 1일부터 제공됨을 안내드립니다.
2. 주요 내용
가. 대상 : 본교 교직원 및 학부, 대학원 재학생(졸업생, 수료생 제외)
나. 제공량 : 1인당 매월 5,000 크레딧(토큰) 제공(매월 초기화)
다. 접속 경로 : https://ssu.factchat.bot
라. 이용 방법 및 상세 안내 :
붙임 파일 참조
3. 서비스 이용 중 개선 의견은 아래 URL을 통해 제출하여 주시기 바랍니다.
가. 의견 취합 링크 :
https://forms.gle/3zS7sTTKWfuLR1CfA
붙임 1. 숭실대학교 생성형 AI 팩트챗 사이트 이용안내 1부"
philosophy,[공지] 2025학년도 2학기 유고결석 안내,N/A,2025-08-28,https://philo.ssu.ac.kr/%ed%95%99%ea%b3%bc%ec%82%ac%eb%ac%b4%ec%8b%a4%ec%95%8c%eb%a6%bc/%ea%b3%b5%ec%a7%80%ec%82%ac%ed%95%ad/?term_id&slug=5470,"*상단의 첨부파일을 통해 유세인트 신청방법을 확인하실 수 있습니다.
보건결석 및 유고결석 안내사항
※ 학사관리에 관한 내규 제7조(출석인정의 예외)에 따라, (보건)유고결석의 최종 승인 여부는
담당 교수의 재량
임.
✔
보건결석 신청
[1
회
1
일 신청 가능
,
학기
3
회 제한
]
※ 보건결석 신청 시 증빙서류 필요 없음
-보건결석은 여학생이 월경통으로 인해 부득이하게 결석할 시 출석으로 인정하는 제도
– 결석일로부터
7
일 이내에 신청
되어야 하며,
7
일 경과 시 추후 신청 불가
-결석사유에는 “
보건
,
월경
,
생리
”로 기재하여야 승인 가능.
-기타질병(복통, 감기몸살, 병원치료 등)에 대해서는 승인 불가(기타 질병은 질병결석으로 신청)
-다음 신청은 직전 결석일
다음날로부터
22
일째 되는 날
부터 재신청 가능
[(예시) 9월 1일 보건결석일 -> 9월 23일 보건결석 신청 가능]
✔
유고결석 신청 안내
-결석 종료일 기준(결석일 포함)
10
일 이내에 신청
처리 되어야 하며,
10
일 이내 미신청 시 신청 불가
✔
(
보건
)
유고결석 절차 및 주의사항
학생
➜
학생서비스팀
➜
시스템
➜
교수
학생
유고결석 신청
유세인트
[u-Saint]
[
증빙서류 업로드 필수
]
학생서비스팀 승인
LMS
자동 연동
담당 교수 확인 후
최종 승인 여부 결정
[
승인 여부 교수 권한
]
결석신청 및 조회
[
진행상태
]
확인
✔
신청방법 및 주의사항
신청방법: 유세인트 ->학사관리 ->수업/출석-> 결석신청 및 조회->결석신청정보[신청] 클릭 -> 유의사항 확인 후 체크
-> 결석신청 내용 입력 ->증빙 파일 업로드한 뒤 [신청] 클릭 ->결석적용 과목 체크 및 확인 후 [저장] 클릭
※“구분”이란 항목은 결석사유에 맞게, 결석일의 해당 과목은 한꺼번에 신청 필수)
결석구분은
병무관계
,
혈족사망
,
공식행사
,
질병 중 선택
하여,
결석 사유를 정확히 기재
하여 신청 바람
※ 여학생 월경통은 보건결석으로 신청 바람]
승인이 거부되면 신청페이지에 “거부”로 기재되며, 거부된 신청은 신청 횟수에 포함되지 않습니다.
결석일로부터 기간
[
유고결석
10
일
/
보건결석
7
일
]
이내에 거부 사유를 수정하여 반드시 신청
되어야 합니다.
질병 유고결석 관련 증빙서류 제출 시 진료 일자 및 병명 수기 작성은 반드시 해당란에
병원장 확인 도장을 받아야 합니다.
질병 유고결석 관련 증빙서류는
진료확인서
/
진단서
/
입통원확인서 중
1
개는 필수 제출
이며,
필수 서류 제출을 하지 않거나 이외 서류를 제출 시 거부
됩니다.
기말고사, 성적 평가, 계절학기 기간은 신청할 수 없습니다. [본교 학사일정 기준]
개인적으로 참가한 공모전, 대회, 행사, 기업 면접, 졸업 시험, 대외활동, 교통편 연착, 졸업 여행 등은
유고결석으로 인정하지 않습니다
.
채플은 보건결석으로 인정되지 않으므로 사용이 불가
합니다.
기간 이내에 승인 여부를 반드시 확인하여야 하며,
미확인으로 인한 불이익은 본인
에게 책임이 있습니다.
학생서비스팀
승인 후 변경 및 취소는 불가
하니 신중히 신청하여야 합니다.
※ 유고결석 증빙서류 허위(위조)로 제출하여 현재까지 다수의 학생이 학칙에 의거 징계처리 되었습니다.
증빙서류 위조는 교내 징계뿐만 아니라 형법상 공
/
사문서 위조죄 관련 규정에 따라 형사처벌 대상이 될 수 있는 범법행위임을 유념
하시기 바랍니다.
유고 결석 사유 및 서류 보기
사유
예시
허용기간
증빙서류 및 안내
본인결혼
본인결혼
당일부터 7일
[필수]
혼인관계증명서
[필수]
청첩장
※ 결혼식 당일부터 7일
혈족사망
2촌 이내
당일부터 5일
[필수]
사망진단서
(시체검안서 인정, 장례확인서 인정 불가)
[필수]
가족관계증명서
※ 사망일과 가족관계 확인용
4촌 이내
당일부터 3일
질병
(
학기당
3
회
)
입
,
퇴원
2일 ~ 5주 미만 입원
[전염병 포함]
입원 일자
[필수]
입
,
퇴원확인서 또는 진료확인서
[추가] 진료기록부(병명 확인용, 직인 필수)
※ 입·퇴원확인서에 병명이 기재되지 않을 시 추가서류 첨부
※ 진료기록부만 제출 시 인정 불가
※ 모든 증빙서류는 병원 또는 병원장 직인이 있어야 하며, 병원명, 주소, 연락처, 의사명 포함 필수
※
진료비 계산서
·
영수증
·
처방전 및
안정가료
인정 불가
당일
감기, 복통 몸살, 등 경미한 질병
진료 당일 1일
[필수]
진료확인서 또는 진단서
[추가] 진료기록부(병명 확인용, 직인 필수)
※ 진료확인서에 병명이 기재되지 않을 시 추가서류 첨부
※ 진료기록부만 제출 시 인정 불가
※ 모든 증빙서류는 병원 또는 병원장 직인이 있어야 하며, 병원명, 주소, 연락처, 의사명 포함 필수
※
진료비 계산서
·
영수증
·
처방전 및
안정가료
인정 불가
병무관계
예비군, 병무신체검사,
공군 면접 등
당일
(최대 3일)
[필수]
신체검사확인서 또는 면접 참석 확인서
※ 병무청, 군부대 발행된 공식문서만 인정
※ 사전에 발급된 수험표(신청서) 인정 불가
공식행사
체육대회, 학과(부) MT, 학교 공식행사 등
해당 기간
[필수]
단과대학장 승인 공문 필수
(연중 각 1회 허용)
교육실습
현장실습
학술답사
학술대회
해당 기간
[필수]
단과대학장 승인 공문 필수
· 교육실습: 전공 수업 관련 교육실습만 인정
· 현장실습: 전공 수업 관련 현장실습만 인정
· 학술답사 및 학술대회: 전공 수업 또는 소속 학회 활동일 경우만 인정
※
강의계획서에 명시된 커리큘럼
,
전공 관련만 인정
※
교육 및 현장실습
,
학술답사
,
학술대회의 경우 전공 수업 외 별도 활동
(
개인 신청 등
)
은 인정 불가
※
학과 자체 학회 인정 불가
※
행사 참여 후 학생 본인이 직접 신청 필수
※
개인적으로 참가하는 것은 인정 불가
※
학과
(
부
),
행정부서
,
소모임 등의 행사 관련 인정 불가
기타
해당 기간
[필수]
학생처장이 승인하는 경우
※ 유고결석 인정 기간: 총 수업일수의 3분의 1 이내
[
문의
:
학생서비스팀
(
학생회관
406
호
)
☎
02-820-0162]"
philosophy,2025학년도 2학기 교내장학금 2차 신청 안내,N/A,2025-08-21,https://philo.ssu.ac.kr/%ed%95%99%ea%b3%bc%ec%82%ac%eb%ac%b4%ec%8b%a4%ec%95%8c%eb%a6%bc/%ea%b3%b5%ec%a7%80%ec%82%ac%ed%95%ad/?term_id&slug=5420,"1. 교내 장학금 자격요건
가. 2025학년도 2학기 국가장학금 신청 및 서류 제출을 완료하고 소득분위가 조회된 자
(국가장학금 지급 대상 분위의 경우 심사가 완료된 자)
※ 국가장학금 1차 신청기간: 2025.05.23(금) 9:00~06.23(월) 18:00<마감>
국가장학금2차 신청기간: 2025.08.13(수) 9:00~09.10(수) 18:00
나. 2025학년도 2학기 재학 및 복학(예정)자로 등록금 납부 예정인 자
1)2025학년도 2학기
前
등록휴학 후 복학 시 장학생 선발대상에서 제외
2)미등록, 입학취소, 복학취소, 휴학 등 학적변동 시 모든 장학금 취소
다. 직전학기 15학점 이상 이수한 자(최종 직전학기는 12학점)
라. 정규등록학기가 8학기 이내인 자(건축학부 건축학전공은 10학기 이내)
2. 학생신청절차
가. 온라인 신청 및 서류제출기간: 2025.09.01(월) 9:00~2025.09.26(금) 17:30
나. 신청방법: u-SAINT포털->등록/장학->장학->장학금 신청
다. 서류제출: 온라인 신청기간 내 방문 및 등기우편제출 가능(세부내용 붙임 파일 참조)
※ 단, 전문자격시험합격자장학금의 경우 등기우편 불가
추가로 확인 가능한 장학금 관련 안내 문서들을 공유해드립니다. 첨부 파일 확인 바랍니다."
philosophy,[장학] 2025-2학기 백마성적우수장학금 선발 기준 안내,N/A,2025-07-11,https://philo.ssu.ac.kr/%ed%95%99%ea%b3%bc%ec%82%ac%eb%ac%b4%ec%8b%a4%ec%95%8c%eb%a6%bc/%ea%b3%b5%ec%a7%80%ec%82%ac%ed%95%ad/?term_id&slug=5381,"1. 선발 요건
가. 2025학년도 2학기 국가장학금을 신청하여 소득분위 조회가 가능한 자
1) 1차 신청자에 한하여 등록금고지서 사전감면
2) 1차 미신청자 : 2차 신청/서류제출 확인 후 지급
(2차 신청자도 선발 및 사후지급가능하므로 학과에서는 현재 미신청자도 선발 요망)
3) 국가장학금을 신청할 수 없는 대한민국 국적 미소지자도 선발 가능
(단, 순수외국인전형으로 입학한 외국인유학생은 선발 불가)
나. 2025학년도 2학기 재학 및 복학예정자로 해당학기 등록금 납부 예정인 자
1) 2025학년도 2학기 前등록휴학 후 복학시 선발대상에서 제외(등록대체자)
2) 학기 중 미등록, 입학취소, 복학취소 등으로 인한 학적변동시 모든 장학금 취소
3) 선발 후, 학기 중 휴학 시 백마성적우수장학금은 복학학기로 이월
※ 추가 또는 교체선발 시 재학 중인 학생만 선발 (휴학생에 대한 추가/교체 불가)
다. 직전학기 15학점 이상 이수한 자 (졸업 직전학기는 직전학기 12학점 이상)
라. 정규등록학기가 8학기 이내인 자(건축학과 건축학전공: 정규등록 10학기 이내인 자)
마. F학점 포함 학적부성적 기준 직전학기 3.8 이상인 자
바. 모든 교내장학금간 중복수혜 불가
1) 신청장학금 중 수혜금액이 큰 장학금 자동선발
2) 중복수혜 가능 장학금: 국가장학금, 교외장학금, 학과우수장학금, 기타 학업장려비 지원 목적 장학금 등
사. 졸업예정자 선발 불가(조기졸업 대상자 포함)하므로 유의
2. 2025학년도2학기 선발 예정 인원
가. 수업료 100% 1인
나. 수업료 50% 4인
다. 수업료 25% 6인 (총 11명)
3. 2025학년도 2학기 백마성적우수장학금 선발 기준
가. 직전 학기 평점평균 기준 전체 학년 석차순 (학년 석차 1위이나, 기 선발 장학금, 등록학기 등의 이유로 선발 불가할 수 있음.)
나. 전체 석차 중, (각 학년 석차 1위 제외) 본교 장학팀 배정 인원까지 상위부터 선발.
다. 단, 동점자가 있을 경우 취득학점이 높은 학생을 상위 장학금에 배정."
philosophy,[숭철고전] 숭실철학 필독 고전도서 43선과 추천도서 3선 (2025),N/A,2025-03-26,https://philo.ssu.ac.kr/%ed%95%99%ea%b3%bc%ec%82%ac%eb%ac%b4%ec%8b%a4%ec%95%8c%eb%a6%bc/%ea%b3%b5%ec%a7%80%ec%82%ac%ed%95%ad/?term_id&slug=5247,
philosophy,[졸업] 철학과 졸업 요건 및 논문 계획서 작성 안내,N/A,2020-09-15,https://philo.ssu.ac.kr/%ed%95%99%ea%b3%bc%ec%82%ac%eb%ac%b4%ec%8b%a4%ec%95%8c%eb%a6%bc/%ea%b3%b5%ec%a7%80%ec%82%ac%ed%95%ad/?term_id&slug=1273,"졸업요건
1.
졸업에 필요한 최소 이수학점을 취득
(입학년도 기준의 이수구분별 이수학점 기준을 충족하여야 함, 즉 입학년도에 따라 달라짐)
입학년도 기준 및 학과 기준 이수학점 확인:
https://ssu.ac.kr/%ED%95%99%EC%82%AC/%EA%B5%90%EC%9C%A1%C2%B7%EA%B5%90%EA%B3%BC%EA%B3%BC%EC%A0%95/%EA%B5%90%EA%B3%BC%EA%B3%BC%EC%A0%95/%EA%B5%90%EA%B3%BC%EA%B3%BC%EC%A0%95%EC%9D%98-%EC%9D%B4%EC%88%98/
유세인트에서 졸업사정표/이수구분별성적표를 확인하여 관리하면 편리함. (학사관리의 성적/졸업 메뉴-> 졸업사정표)
*조기 졸업 요건 및 수료 요건은 학교 공지사항을 참고해 주세요.
2.
철학과의 경우,
졸업 논문
을 작성하여 학과사무실로 제출 -> 졸업 승인 처리(학과사무실) -> 학사팀
[철학과 졸업 논문 관련 안내]
1. 졸업 논문 계획서 및 완성본 제출 시기
(자세한 제출 시기는 “졸업논문 계획서 및 졸업논문 제출 안내” 공지 참조)
1학기
2학기
졸업 논문 계획서
(7학기 이상 제출)
4월 말
11월 말
졸업 논문 완성본
(8학기 이상 제출)
6월 초
12월 초
2. 졸업 논문 작성법 (*자세한 졸업 논문 작성법은 첨부파일 ‘철학과 졸업논문계획서 및 작성법’ 참조)
– 15 페이지 이상 작성 (표지, 목차, 참고문헌 제외)
– 내용: 신명조 11pt, 줄간격 160%
– 참고 문헌은 10개 이상 (본문에 직접 인용 필수)
3. 졸업 논문 작성에 도움을 드리기 위해,  학부 졸업 논문 2편을 첨부하오니 참고하시기 바랍니다."
philosophy,[특강] AI 윤리와 정서적 관계주의 – 도덕적 지위를 중심으로 (김남호),N/A,2025-11-18,https://philo.ssu.ac.kr/%ed%95%99%ea%b3%bc%ec%82%ac%eb%ac%b4%ec%8b%a4%ec%95%8c%eb%a6%bc/%ea%b3%b5%ec%a7%80%ec%82%ac%ed%95%ad/?term_id&slug=5765,"<2025학년도 2학기 숭실철학특강>
일시: 2025.11.18(화) 오후 5시 30분~
장소: 미래관 107호
신청 대상: 숭실대 재학생
특강제목:
“AI 윤리와 정서적 관계주의 – 도덕적 지위를 중심으로”
특강가: 김남호 (우송대 교양대학)
관심있는 학우분들의 많은 참여 부탁드립니다."
philosophy,안전보건에 관한 학생 의견 청취 협조(~11/21),N/A,2025-11-14,https://philo.ssu.ac.kr/%ed%95%99%ea%b3%bc%ec%82%ac%eb%ac%b4%ec%8b%a4%ec%95%8c%eb%a6%bc/%ea%b3%b5%ec%a7%80%ec%82%ac%ed%95%ad/?term_id&slug=5760,"산업안전보건법 제36조, 중대재해처벌법 시행령 제4조의 7
위 법에 따라 종사자(교원, 직원, 현업근로자 등) 및 학생을 대상으로 설문을 통해 사업장 내 위험 요인을 발견하여 개선하고자 합니다.
의견이 있는 경우 위의 첨부파일 문서를 작성 후 학과 사무실로 송부해주시기 바랍니다. (philosophy@ssu.ac.kr)
11월 21일 금요일 15:00까지
(연구, 실험실에서 사용중인 유해물질은 제외함)"
philosophy,[홍보]「제8회 세계인문학포럼」[11.4.(화) ~ 6.(목)] 개최 및 참석 신청 안내,N/A,2025-10-30,https://philo.ssu.ac.kr/%ed%95%99%ea%b3%bc%ec%82%ac%eb%ac%b4%ec%8b%a4%ec%95%8c%eb%a6%bc/%ea%b3%b5%ec%a7%80%ec%82%ac%ed%95%ad/?term_id&slug=5712,"가. 포럼 개요
○ 행 사 명: 제8회 세계인문학포럼(The 8th World Humanities Forum)
○ 개최장소:
안동국제컨벤션센터
○ 개최기간:
2025.11.4.(화) ~ 11.6.(목)
○ 대 주 제: AI 대전환 시대의 인문학: 공존을 위한 모색
○ 프로그램: 개/폐회식, 기조 3회, 심포지엄 4회, 분과 16회, 안동특별강연 1회
※ 개회식 및 기조강연(11.4.(화)13:30-15:00)은 유튜브(세계인문학포럼채널)로 생중계 예정
※ 자세한 내용은 세계인문학포럼 홈페이지(
www.whf.kr
) 참고 바랍니다.
○ 주최기관: 교육부, 경상북도, 안동시
○ 초청연사: 전 세계 21개국, 약 150명의 발표자, 토론자, 사회자 등
※ 주요연사: 모하메드 알리 벤마크루프 교수(모하메드 6세 폴리테크닉대), 권헌익 석좌교수(케임브리지대), 염재호 총장(태재대)
나. 신청 안내
○ 접수기간: 2025. 11. 1.(일) 18시까지 ※ 선착순 접수
○ 접수방법: 홈페이지(
www.whf.kr
) 접속 후 팝업 창의 ‘참가신청 바로가기’클릭
– 사전 신청자께는 신청 일자별 런치박스 제공
※ 안동역에서 안동국제컨벤션센터까지 차량 운행 예정
※
서울, 대전, 대구
에서 왕복 차량운행
(11.4.) 예정
: 한국연구재단 담당자에게
10.29.(목)까지
신청
* 담당자:
iamsij@nrf.re.kr
, 042-869-6104
○ 포럼문의: 세계인문학포럼 사무국(
8thwhforum@ssu.ac.kr
)
○ 기타사항: 사전 미신청자는 행사 당일 현장에서 간단한 등록 절차 진행 후 참석 가능"
philosophy,[공지] 수시 논술고사 기간 중 고사 장소 통제 안내(11/14~11/15),N/A,2025-10-28,https://philo.ssu.ac.kr/%ed%95%99%ea%b3%bc%ec%82%ac%eb%ac%b4%ec%8b%a4%ec%95%8c%eb%a6%bc/%ea%b3%b5%ec%a7%80%ec%82%ac%ed%95%ad/?term_id&slug=5678,"가. 논술고사 기간
일자
구분
계열
지원인원(명)
시간
11.15(토)
1교시
자연
5,469
10:00~11:40
2교시
인문, 경상
4,038
15:00~16:40
나. 통제 안내
구분
기간
장소
비고
건물
출입
통제
11.14.(금) 15:00
~
11.15.(토) 18:00
조만식기념관
진리관
미래관
숭덕경상관
문화관
백마관
교육관
한경직기념관
모든 인원 출입 불가
차량
출입
통제
11.15.(토)
07:00 ~ 18:00
교내 전체 진출입로
모든 차량 출입 불가
※ 통제 대상 외 건물은 논술고사 기간에도 사용 가능
※ 고사 건물 내 근무자만 제한적으로 출입 가능
※ 통제 기간은 고사 당일 상황에 따라 연장될 수 있음"
philosophy,[학사] 2025학년도 성과공유회 및 다전공 박람회 안내,N/A,2025-10-24,https://philo.ssu.ac.kr/%ed%95%99%ea%b3%bc%ec%82%ac%eb%ac%b4%ec%8b%a4%ec%95%8c%eb%a6%bc/%ea%b3%b5%ec%a7%80%ec%82%ac%ed%95%ad/?term_id&slug=5671,"3. 행사 개요
가. 일시: 2025.10.31.(금) 10:00 ~ 16:00
나. 장소: 진리관 앞 도로
다. 대상: 교내 구성원
라. 내용
1) 대학혁신지원사업 유관부서 부스 운영 및 사업 홍보
2)
다전공 관련 부서 부스 운영 및 다전공 제도 홍보, 간이 검사 진행
3) 홍보용 커피 트럭과 인생네컷 운영, 부스 탐방 완료 시 기념품 증정 및 행운권 추첨
4. 영역별 부스
가. 메인부스: ① 교육과정혁신팀(학생혁신단)
나. 다전공 영역: ② 전공설계지원팀, ③ 융합교육혁신팀, ④ 차세대반도체학과, ⑤ 학사팀
다. 교육혁신 영역: ⑥ 교수학습혁신팀, ⑦ 대학일자리플러스사업단
라. 연구산학 영역: ⑧ 창업지원팀, ⑨ 산학협력진흥팀
마. ESG/학생지원 영역: ⑩ 사회공헌팀, ⑪학술정보운영팀, ⑫ 학술정보지원팀"
philosophy,[공지] 2025년 학생 예비군 동원 보충 대대 훈련 계획 및 유고 결석 신청 절차(안내),N/A,2025-10-15,https://philo.ssu.ac.kr/%ed%95%99%ea%b3%bc%ec%82%ac%eb%ac%b4%ec%8b%a4%ec%95%8c%eb%a6%bc/%ea%b3%b5%ec%a7%80%ec%82%ac%ed%95%ad/?term_id&slug=5655,"*대학원 학생의 경우 별도의 유고결석 제도가 운영되지 않으므로, 해당 강의를 운영하시는 교수님께 사전에 협의 부탁드립니다. 감사드립니다.
가. 훈련 계획
1) 훈련 일시: 11월 19일(수), 09시~18시
2) 훈련 장소: 강남·서초 과학화 예비군 훈련장
3) 훈련 인원: 449명
나. 행정 사항
1) 동원 보충 대대 훈련 참석 시 25년 예비군 훈련 종결
2) 버스 운행: 베어드 앞 도로 에서(07:00~07:30) 버스 출발
3) 교통 수단: 대중교통 및 승용차 이용 입소 및 퇴소 가능
4) 훈련 연기: 병무청 홈페이지 또는 820-4458 전화 신청"
philosophy,[행사] 글로벌녹색성장주간2025 (GGGI) 대학생 커리어 상담 안내 (~10/19),N/A,2025-10-15,https://philo.ssu.ac.kr/%ed%95%99%ea%b3%bc%ec%82%ac%eb%ac%b4%ec%8b%a4%ec%95%8c%eb%a6%bc/%ea%b3%b5%ec%a7%80%ec%82%ac%ed%95%ad/?term_id&slug=5620,"글로벌녹색성장기구 (GGGI)에서 인사드리며, 귀교의 무궁한 발전을 기원합니다.
글로벌녹색성장주간 2025(Global Green Growth Week 2025, GGGWeek 2025)가 10월 27일부터 31일까지 서울 정동 GGGI 본부와 웨스틴조선호텔에서 개최됩니다. 본 행사는 청년, 학계, 정부, 기업, 시민사회 등 전 세계의 다양한 주체들이 모여 녹색성장의 미래를 설계하고 새로운 협력 기회를 만들어가는 세계 청년·전문가 교류의 장입니다.
2025년 GGGWeek는 “Innovation in a World in Transition: Driving Green Solutions for Climate and Development (변화하는 시대 속의 혁신: 기후와 개발을 위한 그린 솔루션)”을 주제로 △청년 포럼, △개회식 및 장관급 패널 세션, △파리협정 10주년 문화의 밤, △그린라운드테이블(AI와 물), △지속가능한 금융 △한중일+아세안 기후협력, △지속가능한 AI △에너지전환(수소협력) △아시아 탄소시장 등 25여개 세션 및 네트워킹 프로그램이 진행될 예정입니다.
“Youth Innovation in the Digital Age”와 같은 세션에서는 디지털 및 AI 기반 솔루션을 활용한 청년 리더들의 혁신적인 지속가능성 사례가 소개되며, 청정에너지(특히 수소)와 미래 기술이 포용적 녹색성장에 기여하는 방안이 함께 논의됩니다. 학생들이 최신 지식을 확장하고, 국내외 동료들과 교류하며, 지속가능한 미래에 기여할 영감을 얻을 수 있는 소중한 기회가 될 것입니다.
아울러 총 14개 이상 세션에 참여한 학생에게는 “Certificate of Youth Excellence in Green Growth Leadership”이 수여됩니다. 또한, 참가 학생 중 추첨을 통해 GGGI 전문가와의 1:1 커리어 상담 기회가 제공되며, 이외 다양한 경품 이벤트가 준비되어 있어 학생들의 적극적인 참여를 장려하고 있습니다.
월·화·목·금 일정은 서울 정동 소재 GGGI 국제기구 본부에서 진행되며,
수요일은 웨스틴조선호텔에서 파리협정 10주년을 기념하는 대규모 네트워킹 저녁 리셉션과 함께 특별 세션들이 이어질 예정입니다. (수요일과 목요일 행사에는 한-영 동시통역 제공이 제공됩니다.)
GGGWeek 2025에 대한 자세한 내용은 홈페이지에서 확인하실 수 있으며, 참가를 희망하시면 공식 홈페이지에서 사전접수 부탁드립니다.
🌍 공식 홈페이지:
https://globalgreengrowthweek.gggi.org/
📝 사전접수(10월 19일 일요일 접수마감!):
https://forms.office.com/r/Kui77EkmuJ
대학생 현장 참가자만을 위한 특별 혜택
Youth Excellence in Green Growth 인증서 수여
GGGI 전문가
1:1 커리어
상담
글로벌 전문가 & 실무자와
네트워킹
GGGI
룰렛 이벤트
— 경품도 받고 추억도 만들자!
월·화·목·금 일정은 서울 정동 소재 GGGI 국제기구 본부에서 진행되며,
수요일은 웨스틴조선호텔에서
파리협정 10주년을 기념하는 대규모 네트워킹 저녁 리셉션
과 함께 특별 세션들이 이어질 예정입니다. (수요일과 목요일 행사에는 한-영 동시통역 제공이 제공됩니다.)
본 행사관련 궁금하신 사항이 있으시면 하기 연락처로 연락 부탁드립니다.
📫 이메일: globalgreengrowthweek@gggi.com
감사합니다.
글로벌녹색성장기구 드림
글로벌녹색성장기구(GGGI)는 2012년 10월 유엔 지속가능발전 정상회의에서 18개 창립 회원국으로 출범한 국제기구입니다. 현재(‘25년 9월 기준) 52개 회원국으로 성장하였으며 현재 약 50여개 국가에서 총 273개 프로젝트를 운영하며 145억 달러 이상의 녹색 투자 약정 유치(‘24년 말 기준)하였습니다. GGGI는 회원국 대상 기후변화 대응, 녹색성장 전략 수립 및 이행, 역량강화 등 지원하고 녹색성장 정책 수립 및 국가 기후변화 대응 역량 강화 지원하고 있습니다."
philosophy,[공지] 2025학년도 2학기 학부 중간 강의평가 실시 방법 변경(10/6~10/17),N/A,2025-10-10,https://philo.ssu.ac.kr/%ed%95%99%ea%b3%bc%ec%82%ac%eb%ac%b4%ec%8b%a4%ec%95%8c%eb%a6%bc/%ea%b3%b5%ec%a7%80%ec%82%ac%ed%95%ad/?term_id&slug=5632,"가. 2025학년도 2학기 학부 중간 강의평가 변경 사항 안내
구분
변경 전
변경 후
일정
2025. 10. 6.(월) 9:00
~ 10. 17.(금) 23:59
(6주차 ~ 7주차)
동일
실시
방법
· PC: u-SAINT 학사관리 → 수업/출석
→ 강의평가 실시 → 조회조건에서
학년도 및 학기 확인 후 “조회” 선택
→ 수강과목 선택 후 평가 실시
· 모바일: 스마트포탈 앱 → 우측 상단
메뉴 선택 → 수업 → 강의평가 →
수강 과목 선택 후 평가 실시
· u-SAINT 학사관리 → 수업/출석
→
강의평가 실시
→ 조회조건에서
학년도 및 학기 확인 후
“조회”
선택
→ 수강과목 선택 후 평가 실시
나. 변경 사유: 2025학년도 2학기부터 스마트포탈 앱 운영 중단에 따라 스마트포탈 앱을
통한 강의평가 실시 불가
스마트포탈 앱이 운영 중단 되면서, 스마트 포탈 앱을 통해 강의평가를 할 수 없음을 안내하는 공지사항입니다.
유세인트 포탈을 통해 강의 평가에 참여해주시면 되겠습니다. 감사합니다."
philosophy,[홍보] 학술정보운영팀 IF 이러닝(패스트 캠퍼스) 11월 모집 안내,N/A,2025-09-30,https://philo.ssu.ac.kr/%ed%95%99%ea%b3%bc%ec%82%ac%eb%ac%b4%ec%8b%a4%ec%95%8c%eb%a6%bc/%ea%b3%b5%ec%a7%80%ec%82%ac%ed%95%ad/?term_id&slug=5625,"가. 패스트 캠퍼스 이러닝(11월) 모집 개요
1) 모집 대상: 숭실대 학부 재학생 및 휴학생
2) 모집 인원: 선착순 60명
3) 모집 기간: 2025. 10. 20.(월)~10. 22.(수)
4) 수강 기간: 2025. 11.01.(토)~11.30.(일)
5) 강의 내용: AI, 프로그래밍, 데이터 분석, 디자인, 마케팅 등 실무 중심 온라인 콘텐츠
숭실대 중앙도서관과 패스트 캠퍼스가 함께하는 무제한 이러닝(11월) 수강생을 모집합니다.
모집 기간: 10/20(월)~10/22(수), 3일간
모집 인원: 60명(선착순 마감)
모집 대상: 숭실대 학부 재학생 및 휴학생
자세한 신청 안내 링크:
https://oasis.ssu.ac.kr/library-services/bulletin/notice/15007
다. 문의: 중앙도서관 학술정보운영팀 임미리(내선 0741, 이메일 mil@ssu.ac.kr)"
philosophy,[상담] 2025년도 2학기 진로지도교수제 상담 신청 추가접수 안내(~10/1),N/A,2025-09-25,https://philo.ssu.ac.kr/%ed%95%99%ea%b3%bc%ec%82%ac%eb%ac%b4%ec%8b%a4%ec%95%8c%eb%a6%bc/%ea%b3%b5%ec%a7%80%ec%82%ac%ed%95%ad/?term_id&slug=5567,"가. 신청대상 : 최초 신청기간에 접수하지 않은 25-2학기 2~5학년 재학생 중 상담 희망자
나. 추가접수기간 : 2025.09.24(수) 09:00~ 10.01(수) 17:30
다. 접수방법 : 학교 홈페이지 공지글 안내에 따라
네이버 폼
으로 신청
라. 공지글 확인방법 : 학교 대표홈페이지 접속(ssu.ac.kr) → 공지사항 → 비교과·행사 → 상단 공지사항 확인
마. 네이버폼 주소 :
https://naver.me/5AgcDmui.
끝."
philosophy,[홍보] 지구와 사람 10주년 기념 컨퍼런스(철학과 장미성 교수 토론),N/A,2025-09-23,https://philo.ssu.ac.kr/%ed%95%99%ea%b3%bc%ec%82%ac%eb%ac%b4%ec%8b%a4%ec%95%8c%eb%a6%bc/%ea%b3%b5%ec%a7%80%ec%82%ac%ed%95%ad/?term_id&slug=5592,*관심있는 학생분들의 참여 바랍니다.
philosophy,[발표] 2025학년도 서평제 결과 발표,N/A,2025-09-01,https://philo.ssu.ac.kr/%ed%95%99%ea%b3%bc%ec%82%ac%eb%ac%b4%ec%8b%a4%ec%95%8c%eb%a6%bc/%ea%b3%b5%ec%a7%80%ec%82%ac%ed%95%ad/?term_id&slug=5498,"2025년도 철학과 서평제 심사 결과를 공지합니다. 그리고 추가로 최우수 당선작  두 부를 발표합니다.
최우수상
이호찬
유은빈
우수상
최기현
정선교
최정민
임단영
조용범"
philosophy,[출판] 『학벌 – 입시의 정치에 반하여』- 박준상 교수,N/A,2025-08-25,https://philo.ssu.ac.kr/%ed%95%99%ea%b3%bc%ec%82%ac%eb%ac%b4%ec%8b%a4%ec%95%8c%eb%a6%bc/%ea%b3%b5%ec%a7%80%ec%82%ac%ed%95%ad/?term_id&slug=5462,"박준상 교수님의 새로운 책이 지난 8월 20일 출간되었습니다.
https://www.aladin.co.kr/shop/wproduct.aspx?ItemId=370132095
살인적인 입시지옥, 시험능력주의가 지배하는 사회, 대학 서열의 신분제를 쟁취하기 위한 과열 경쟁, 출신 대학으로 사람을 평가하는 사회, ‘스카이’·‘인서울’과 ‘지잡대’ 사이의 차별, 열패감과 소외감에 비틀거리는 아이들, 결국 좌절해 자살을 선택하는 아이들, 한 해 사교육비만 29.2조 원(공식 통계에 잡히지 않는 금액까지 합치면 약 40조 원)을 쓰는 사회, 자신의 노후를 포기해서라도 아이들의 사교육만큼은 챙기는 부모들, 심지어는 이를 위해 입시 부정에 가담하는 부모들, 악순환에 악순환을 거듭하는 사회, 그런데도 지난 100년간 절대 변하지 않은 이 학벌-입시 체제……
일제강점기 때부터 시작된 이 학벌-입시 체제의 모순은 지금도 해결되지 않은 채 한국사회를 병들게 하고 있다. 한국에 사는 사람이라면 누구나 이 땅의 교육 현실에 큰 문제가 있다는 것을 안다. 초중고 모든 교육이 대입에만 초점이 맞춰져 있는 한국의 학벌-입시 체제가 타당성, 정당성, 상식에도 맞지 않다는 것도 잘 알고 있다. 그런데도 이 학벌-입시 체제는 왜 바뀌지 않을까? 왜 절대다수가 이 학벌-입시 체제를 맹목적으로 따라야만 하는 것으로 믿는 걸까? 왜 이 체제를 바꿀 수 없다고 믿는 걸까? 왜 이 체제의 승리자인 소수의 엘리트계층이 지배하는 사회를 그대로 놔두는 걸까?
숭실대 철학과 교수 박준상은 이 학벌-입시 체제를 타파하는 강력한 주장을 제기한다. 그는 한국 교육이 “상위 10%만을 위한 교육” “단적인 경쟁과 이기심의 각축장이자 학습장이 되어온 지 오래”이고, “노예성과 천박성”을 키우는 장치에 불과하다고 지적한다. 그리고 ‘한국사회 모든 문제의 핵심’에 이 학벌-입시 체제가 자리하고 있다고 말한다. 즉 분단 문제, 재벌 문제, 빈부격차 문제, 노동 문제, 부동산 문제, 수도와 지방의 격차 문제나 남녀 불평등 문제와 밀접하게 맞물려 있다는 것이다. 그러므로 학벌-입시 문제는 우리 사회의 구성원이라면 거의 모두가 겪는 문제이며, 그래서 “무엇보다 먼저 강력하지만 악한 어떤 권력의 문제, 즉 정치적인 문제”라고 주장한다."
philosophy,2025학년도 학생 예비군 1차분 훈련 계획 및 유고 결석 처리 안내,N/A,2025-08-21,https://philo.ssu.ac.kr/%ed%95%99%ea%b3%bc%ec%82%ac%eb%ac%b4%ec%8b%a4%ec%95%8c%eb%a6%bc/%ea%b3%b5%ec%a7%80%ec%82%ac%ed%95%ad/?term_id&slug=5429,"1. 관련 근거: 2024학년도 52사단 연간 예비군 교육 계획
2. 위 관련 근거에 의거 2025학년도 학생 예비군 1차 기본 훈련 계획 및 유고 결석 처리 절차를 붙임과 같이 알려드립니다. 대학(학과) 학생들은 지정된 일자에 예비군 1차 기본 훈련에 참석 바랍니다.
가. 훈련계획
1)기간: 9월 15일(월)~18(목),  9월 22일(월)~9월 23일(화) (6일간)
2)장소: 강남, 서초과학화예비군 훈련장(서울특별시 서초구 내곡동31-61)
전화: 02) 576-6637
나. 동원보충대대 훈련 대상자(500여명)는 학교 훈련 참석 불가합니다.
상세 사항은 위 첨부 파일에서 확인 바랍니다."
philosophy,[행사] 철학과 글쓰기 워크숍,N/A,2025-08-04,https://philo.ssu.ac.kr/%ed%95%99%ea%b3%bc%ec%82%ac%eb%ac%b4%ec%8b%a4%ec%95%8c%eb%a6%bc/%ea%b3%b5%ec%a7%80%ec%82%ac%ed%95%ad/?term_id&slug=5399,"1. 숭실대 철학과에서 철학과 구성원의 글쓰기 능력 향상을 위하여 글쓰기 워크숍을 진행하고자 합니다. 글쓰기 계획서 작성 및 발표, 글쓰기 실습 및 합평과 교정, 글쓰기 특강을 진행함으로써 철학적 글쓰기의 기본기를 습득할 수 있도록 할 예정입니다.
2. 대상: 숭실대학교 철학과 학부생 및 철학과 학회원(+학회 참가 예정자)
3. 일정 및 장소
– 모집기간: 8/1–8/7
– 운영기간: 8/11-8/13
– 장소: 숭덕경상관 02101호
4. 세부 프로그램
1) 글쓰기 계획서 발표
미리 작성해 온 글쓰기 계획서를 발표하고 장미성 교수님께 피드백을 받습니다
2) 글쓰기 실습
계획서를 토대로 본 글을 작성합니다.
3) 글쓰기 합평
팀별로 서로의 글을 합평합니다.
4) 글쓰기 교정
대학원생에게 글쓰기에 대한 구체적인 교정을 받습니다.
5) 자율 글쓰기 실습
희망자에 한하여 글쓰기를 실습합니다.
6) 글쓰기 특강 1
이진호 선생님(철학과 박사과정)이 “글쓰기, 질문에서 대화로: 사유와 변화를 여는 비평과 논문” 특강을 진행합니다.
7) 글쓰기 특강 2
박준상 교수님이 “철학 공부는 글쓰기로 마무리되지 않으면 헛수고이다” 특강을 진행합니다.
8) 글쓰기 최종 발표
글쓰기 워크숍 동안 작성하였던 글을 발표합니다.
5. 준비 사항
1) 글쓰기 워크숍 전 글쓰기 계획서 작성 필수(계획서 양식 제공)
2) 참여자는 각 개인별로 노트북/태블릿 등 글쓰기 도구 지참(A4용지 제공)
* 세부 프로그램 내용은 추후 단톡방을 만들어 공유 예정
신청 링크: https://path.ssu.ac.kr/ptfol/imng/icmpNsbjtPgm/findIcmpNsbjtPgmInfo.do?encSddpbSeq=bf610a8d4bfa704250aab27f0cde7e2b&paginationInfo.currentPageNo=1
문의: 철학과 사무실 02-820-0370"
philosophy,[특강] 2025-1학기 숭실철학특강-칸트의 인간관을 통해서 본 롤즈의 정치적 전회,N/A,2025-05-23,https://philo.ssu.ac.kr/%ed%95%99%ea%b3%bc%ec%82%ac%eb%ac%b4%ec%8b%a4%ec%95%8c%eb%a6%bc/%ea%b3%b5%ec%a7%80%ec%82%ac%ed%95%ad/?term_id&slug=5293,"숭실대 철학과에서는 단국대학교 박경남 선생님을 모시고, “칸트의 인간관을 통해서 본 롤즈의 정치적 전회” 특강을 진행하고자 합니다.
<일자 및 장소>
-일자: 5월 27일(화) 오후 6시 ~
-장소: 조만식기념관 12329호
<신청 기간 및 방법>
-신청 기간: 2025. 05. 23~05. 27
-신청 방법: 슈패스(ssu-path) 신청 및 등록
-신청 자격: 숭실대 전체 학생 (학과, 학년 무관)
기타 문의는 철학과 사무실(02-820-0370. philosophy@ssu.ac.kr)로 부탁드립니다."
philosophy,[졸업] 2025-1학기 졸업논문 계획서 및 졸업논문 제출 안내,N/A,2025-04-17,https://philo.ssu.ac.kr/%ed%95%99%ea%b3%bc%ec%82%ac%eb%ac%b4%ec%8b%a4%ec%95%8c%eb%a6%bc/%ea%b3%b5%ec%a7%80%ec%82%ac%ed%95%ad/?term_id&slug=3621,"안녕하세요
,
철학과 사무실입니다
.
2025-1
학기
졸업
논문 계획서 및
졸업
논문 제출과 관련하여 메일 드립니다
.
1.
논문계획서 제출
가
.
제출 마감 기한
:
2025
년 5월
23
일
(
금요일
) 17시
까지
나
.
대상
:
해당 학과의
7
학기 이상 재학생 또는 수료생 전체
다
.
방법
:
졸업
논문 계획서 양식을 다운로드하여 작성
2.
졸업
논문 제출
가
.
제출 마감 기한
:
2025
년 6월
13
일
(
금요일
) 17시
까지
나
.
대상
:
매 학기
졸업
예정자
(
아래 참조
)
1) 8
학기 및
133
학점 이상 취득예상 재학생인
졸업
예정자
2) 6~7
학기 재학 중인 조기
졸업
승인된
졸업
예정자
3) 7
학기 이수중인 학
·
석사 연계과정 승인된
졸업
예정자
4)
수료생 중
졸업
논문
,
졸업
종합시험 신규 합격자
다
.
방법
:
학과 홈페이지에서
졸업
논문 작성법을 참고하여 양식틀에 맞춰 작성
라. 필수요건:
*논문은 기본적으로 11p, 줄간격 160%로 15장 이상이어야 함.
표지와 목차, 참고문헌을 제외해서 15장이니 이점 유의.
(즉, 표지 1장 + 목차 1장 + 참고문헌 1장 + 내용 15장 이상 = 총 18장 이상)
*표지 양식에는 논문제목, 학과, 학번, 이름, 지도교수가 반드시 포함되어야만 함.
*쪽 번호는 머리말부터 들어감. (표지 및 목차에는 넣지 않음)
*참고문헌은 10개 이상. 본문에 직접 인용되어 있어야 함.
※ 학사일정으로 인해 기한을 넘길 시에는 받지 않습니다
.
※ 반드시 기한 내에
(1)학과사무실 이메일
(
philosophy@ssu.ac.kr
)
과
(2)
직접 출력하여 과사무실로 제출
해 주시기 바랍니다
.
※
졸업
유예 예정인 학생의 논문은 받지 않습니다
.
졸업
희망 학기 때 제출해주세요
."
philosophy,"[신입생] 코인 사업 설명회 안내 (3월 28일, 4월 4일)",N/A,2025-03-21,https://philo.ssu.ac.kr/%ed%95%99%ea%b3%bc%ec%82%ac%eb%ac%b4%ec%8b%a4%ec%95%8c%eb%a6%bc/%ea%b3%b5%ec%a7%80%ec%82%ac%ed%95%ad/?term_id&slug=5211,"철학과에서 2025학년도 1학기 코인 사업 설명회를 진행합니다.
철학과 새내기를 대상 프로그램인 코인 사업 설명회는 숭철북카페에서 3월 28일 11시와 14시 그리고 4월 4일 11시와 14시에 진행합니다.
많은 관심 바랍니다."
philosophy,[신입생 환영회] 2025년 철학과 신입생 환영회 안내,N/A,2025-02-04,https://philo.ssu.ac.kr/%ed%95%99%ea%b3%bc%ec%82%ac%eb%ac%b4%ec%8b%a4%ec%95%8c%eb%a6%bc/%ea%b3%b5%ec%a7%80%ec%82%ac%ed%95%ad/?term_id&slug=5154,"2025년 2월, 숭실대학교 철학과에 합격하신 신입생 여러분들을 대상으로 신입생 환영회를 진행합니다
일시: 2월 10일 월요일
시간: 오후 1시
장소: 숭실대학교 벤처중소기업센터 10311호
신입생 환영회에서는 학과에 대한 안내, 전반적인 학교 이용에 관한 안내, 신입생 간의 친목 도모를 위한 다양한 프로그램을 진행합니다.
25학번 새내기 여러분의 많은 관심 부탁드립니다.
감사합니다"
philosophy,[숭철북카페] 숭철북카페 현판 부착,N/A,2025-02-04,https://philo.ssu.ac.kr/%ed%95%99%ea%b3%bc%ec%82%ac%eb%ac%b4%ec%8b%a4%ec%95%8c%eb%a6%bc/%ea%b3%b5%ec%a7%80%ec%82%ac%ed%95%ad/?term_id&slug=5142,"숭실대학교 철학과에서 ‘숭철북카페’의 현판을 제작하였습니다.
‘숭철북카페’는 숭실대 철학과 재학생의 학업 증진을 위한 공간입니다.
많은 관심과 이용 바랍니다."
philosophy,[강의] 백도형 교수 진로지도 특강 “AI 시대의 인생 디자인”,N/A,2025-01-21,https://philo.ssu.ac.kr/%ed%95%99%ea%b3%bc%ec%82%ac%eb%ac%b4%ec%8b%a4%ec%95%8c%eb%a6%bc/%ea%b3%b5%ec%a7%80%ec%82%ac%ed%95%ad/?term_id&slug=5123,"우리 학생들과 청년 세대들의 가장 큰 고민인 취업 문제를 다루는 강의 영상을 제작했습니다.
취업 환경의 최근 변화를 검토하였습니다.
그리고 취업 관련하여 별로 주목받고 있지 않지만 중요하게 참조해야 할 몇 가지 문제점들을 짚어 보았습니다.
(관련 기사 스크랩한 파일도 첨부합니다.)-
강의 영상 링크
http://commons.ssu.ac.kr/em/676cfb9a40f67
관련 칼럼 링크
https://www.ssunews.net/news/articleView.html?idxno=10441
관련 기사 영상 링크 모음240930
관련 기사 영상 링크모임241226_공무원 조기퇴직 청년들+영상 인용 기사
비디오 플레이어
https://philo.ssu.ac.kr/wp-content/uploads/sites/112/2025/01/KakaoTalk_20250204_113931619.mp4
00:00
00:00
06:60
볼륨을 높이거나 줄이려면 상/하 방향키를 사용하세요.
비디오 플레이어
https://philo.ssu.ac.kr/wp-content/uploads/sites/112/2025/01/KakaoTalk_20250204_113947351.mp4
00:00
00:00
05:59
볼륨을 높이거나 줄이려면 상/하 방향키를 사용하세요."
philosophy,[장학] 2025-1학기 백마성적우수장학금 선발 기준 안내,N/A,2025-01-20,https://philo.ssu.ac.kr/%ed%95%99%ea%b3%bc%ec%82%ac%eb%ac%b4%ec%8b%a4%ec%95%8c%eb%a6%bc/%ea%b3%b5%ec%a7%80%ec%82%ac%ed%95%ad/?term_id&slug=5113,"1. 선발 요건
가. 2025학년도 1학기 국가장학금을 신청하여 소득분위 조회가 가능한 자
1) 1차 신청자에 한하여 등록금고지서 사전감면
2) 1차 미신청자 : 2차 신청/서류제출 확인 후 지급
(2차 신청자 중 한국장학재단 구제신청 시 사후지급)
3) 국가장학금을 신청할 수 없는 대한민국 국적 미소지자도 선발 가능
(단, 순수외국인전형으로 입학한 외국인유학생은 선발 불가)
나. 2025학년도 1학기 재학 및 복학 예정자로 해당 학기 등록금 납부 예정인 자
1) 2025학년도 1학기 前 등록휴학 후 복학 시 선발 대상에서 제외(등록대체자)
2) 학기 중 미등록, 입학취소, 복학취소 등으로 인한 학적변동 시 모든 장학금 취소
3) 선발 후, 학기 중 휴학 시 백마성적우수장학금은 복학 학기로 이월
※ 추가 또는 교체 선발 시 재학 중인 학생만 선발 가능(휴학생에 대한 추가/교체 불가)
다. 직전학기 15학점 이상 이수한 자 (졸업 직전학기는 직전학기 12학점 이상)
라. 2025-1학기가 정규등록학기 8학기 이내인 자
마. F학점 포함 학적부성적 기준 직전학기 3.8 이상인 자
바. 모든 교내장학금간 중복수혜 불가
1) 신청장학금 중 수혜금액이 큰 장학금 자동선발
2) 중복수혜 가능 장학금: 국가장학금, 교외장학금, 학과우수장학금, 기타 학업장려비 지원 목적 장학금 등
사. 졸업예정자 선발 불가(조기졸업 대상자 포함)하므로 유의
2. 2025학년도 1학기 선발 예정 인원
가. 수업료 100% 1인
나. 수업료 50% 4인
다. 수업료 25% 8인 (총 13명)
3. 2025학년도 1학기 백마성적우수장학금 선발 기준
가. 직전 학기 평점평균 기준 전체 학년 석차순 (학년 석차 1위이나, 기 선발 장학금, 등록학기 등의 이유로 선발 불가할 수 있음.)
나. 전체 석차 중, (각 학년 석차 1위 제외) 본교 장학팀 배정 인원까지 상위부터 선발.
다. 단, 동점자가 있을 경우 취득학점이 높은 학생을 상위 장학금에 배정."
philosophy,[수상] 2024년도 초성제 수상자,N/A,2024-12-17,https://philo.ssu.ac.kr/%ed%95%99%ea%b3%bc%ec%82%ac%eb%ac%b4%ec%8b%a4%ec%95%8c%eb%a6%bc/%ea%b3%b5%ec%a7%80%ec%82%ac%ed%95%ad/?term_id&slug=5104,"숭실대학교 철학과에서 알립니다.
2024년도 초성제 수상자는 아래와 같습니다.
논문 부문:
대상: 이해영 (철학 20)
우수상: 구찬모 (철학 17), 이혜빈 (철학 20)
에세이 부문:
장려상: 이수호(철학24)
많은 축하 바랍니다.
(당선작은 추후에 공지하도록 하겠습니다.)"
philosophy,[공고] 숭철북카페 현판 디자인 공모 선정 완료(김혜주 철학 19),N/A,2024-12-10,https://philo.ssu.ac.kr/%ed%95%99%ea%b3%bc%ec%82%ac%eb%ac%b4%ec%8b%a4%ec%95%8c%eb%a6%bc/%ea%b3%b5%ec%a7%80%ec%82%ac%ed%95%ad/?term_id&slug=5087,"숭실대학교 철학과입니다.
축하드립니다. 이번 ‘숭철북카페 현판 디자인 공모’에 김혜주(철학 19) 학우의 디자인이 선정되었습니다.
숭철북카페 현판의 한 줄 글귀는  ‘
우리는 생각한다 고로 우리는 존재한다
‘ 입니다.
결정된 글귀는 교수님들께서 보내주셨습니다.
최종 디자인이 완성되면 다시 올리겠습니다."
philosophy,[수상] 이당논문-다형문학상 당선 구찬모/ 이당논문상 가작-배하은,N/A,2024-12-04,https://philo.ssu.ac.kr/%ed%95%99%ea%b3%bc%ec%82%ac%eb%ac%b4%ec%8b%a4%ec%95%8c%eb%a6%bc/%ea%b3%b5%ec%a7%80%ec%82%ac%ed%95%ad/?term_id&slug=5067,"구찬모(철학 17) 학생이 쓴 「자본주의에서 살아남기」가 숭대시보에서 주관한 댜형문학상 평론 부문에 당선되었습니다.
구찬모(철학 17) 학생이 쓴  「‘아이돌-팬’ 관계에 대한 고찰」이 숭대시보에서 주관한 숭실문화상의 논문 부문에 당선되었습니다.
배하은(철학 21)학생이 쓴 「인간 종말론」은 논문 부문 가작으로 선정되었습니다.
수상한 학생들에게 축하의 말씀을 전합니다.
https://scatch.ssu.ac.kr/%EB%89%B4%EC%8A%A4%EC%84%BC%ED%84%B0/%EC%A3%BC%EC%9A%94%EB%89%B4%EC%8A%A4/?slug=2024%ED%95%99%EB%85%84%EB%8F%84-%EC%88%AD%EC%8B%A4%EB%AC%B8%ED%99%94%EC%83%81-%EB%8B%B9%EC%84%A0%EC%9E%91-%EC%8B%9C%EC%83%81"
philosophy,[행사] 2024학년도 철학과 진로취업세미나,N/A,2024-11-25,https://philo.ssu.ac.kr/%ed%95%99%ea%b3%bc%ec%82%ac%eb%ac%b4%ec%8b%a4%ec%95%8c%eb%a6%bc/%ea%b3%b5%ec%a7%80%ec%82%ac%ed%95%ad/?term_id&slug=5053,"2024학년도 철학과에서는 진로취업세미나를 개최하고자 합니다. 학과 재학생들의 많은 참여 바랍니다.
1) 일시 및 장소 : 2024년 12월 02일(월) 18시 30분 ~ 21시 30분, 베어드홀 01103호
2) 대상 : 철학과 학부 재학생
3) 특강자
–  김종협(철학 87), 이희준(철학15)
4)신청링크: https://fun.ssu.ac.kr/ko/program/all/view/4494"
philosophy,[공모] 숭철북카페 현판 디자인 공모,N/A,2024-11-14,https://philo.ssu.ac.kr/%ed%95%99%ea%b3%bc%ec%82%ac%eb%ac%b4%ec%8b%a4%ec%95%8c%eb%a6%bc/%ea%b3%b5%ec%a7%80%ec%82%ac%ed%95%ad/?term_id&slug=4981,"철학과에서 ‘숭철북카페’ 현판 디자인을 공개 모집합니다. 많은 참여 바랍니다.
대상: 숭실대학교 철학과 학생
기간: 2024년 11월 30일 까지
규격: 자유
현판 설치 공간: 철학과 사무실 현판 오른쪽
상금: 도서상품권 10만원
접수 및 문의: philosophy@ssu.ac.kr"
philosophy,[특강] 2024-2학기 숭실철학특강 – 라이프니츠와 공가능성의 퍼즐,N/A,2024-11-06,https://philo.ssu.ac.kr/%ed%95%99%ea%b3%bc%ec%82%ac%eb%ac%b4%ec%8b%a4%ec%95%8c%eb%a6%bc/%ea%b3%b5%ec%a7%80%ec%82%ac%ed%95%ad/?term_id&slug=4940,"숭실대 철학과에서는 한국 뉴욕주립 대학교의 김준영 선생님을 모시고, “라이프니츠와 공가능성의 퍼즐” 특강을 진행하고자 합니다.
<일자 및 장소>
– 일자: 11월 06일 (수) 저녁 6시 ~
– 장소: 조만식기념관 12530호
<신청 기간 및 방법>
– 신청 기간: 2024. 10. 28 ~ 11. 06
– 신청 방법: 펀시스템 신청 및 등록
– 신청 자격: 숭실대 전체 학생 (학과, 학년 무관)
기타 문의는 철학과 사무실(02-820-0370,
philosophy@ssu.ac.kr
)로 부탁드립니다."
philosophy,[교과과정] 전공 도서 가이드,N/A,2024-10-18,https://philo.ssu.ac.kr/%ed%95%99%ea%b3%bc%ec%82%ac%eb%ac%b4%ec%8b%a4%ec%95%8c%eb%a6%bc/%ea%b3%b5%ec%a7%80%ec%82%ac%ed%95%ad/?term_id&slug=4919,
philosophy,[전공설명회] 10월 25일 (금) ‘철학의 봄’ 행사 안내,N/A,2024-10-18,https://philo.ssu.ac.kr/%ed%95%99%ea%b3%bc%ec%82%ac%eb%ac%b4%ec%8b%a4%ec%95%8c%eb%a6%bc/%ea%b3%b5%ec%a7%80%ec%82%ac%ed%95%ad/?term_id&slug=4913,10월 25일 금요일 철학과 사무실에서 부-복수 전공 희망자를 위한 철학 전공 설명회를 진행합니다. 철학 부-복수 전공 희망자의 많은 참여 바랍니다.
philosophy,[발표] 2024학년도 서평제 최우승작 2편,N/A,2024-09-05,https://philo.ssu.ac.kr/%ed%95%99%ea%b3%bc%ec%82%ac%eb%ac%b4%ec%8b%a4%ec%95%8c%eb%a6%bc/%ea%b3%b5%ec%a7%80%ec%82%ac%ed%95%ad/?term_id&slug=4860,"철학과 에서는 2024학년도 서평제 출품작 중 최우수상에 선정한 작품을 홈페이지 게시판을 통해 발표합니다.
전문은 아래 첨부 파일을 보시면 됩니다.
「소음을 위해 침묵하기」 이의경(철학 22)
2. 「새로운 두려움과 아타락시아의 극복」장한빛(철학 23)"
philosophy,[출판] 『양명평전』 전 3권 – 김태완 교수(철학83),N/A,2024-08-06,https://philo.ssu.ac.kr/%ed%95%99%ea%b3%bc%ec%82%ac%eb%ac%b4%ec%8b%a4%ec%95%8c%eb%a6%bc/%ea%b3%b5%ec%a7%80%ec%82%ac%ed%95%ad/?term_id&slug=4798,"김태완 교수님의 번역서 『양명평전』 전 3권, 수징난, 역사비평사, 2024. 출판 소식을 전해드립니다.
https://www.aladin.co.kr/shop/wproduct.aspx?ItemId=342856675"
philosophy,[출판] 『도학의 위안』 곽신환 명예교수,N/A,2024-08-06,https://philo.ssu.ac.kr/%ed%95%99%ea%b3%bc%ec%82%ac%eb%ac%b4%ec%8b%a4%ec%95%8c%eb%a6%bc/%ea%b3%b5%ec%a7%80%ec%82%ac%ed%95%ad/?term_id&slug=4794,"곽신환 명예교수님의 번역과 풀이서, 『도학의 위안 – 유배지에서 읊은 우옹 송시열의 수미음』 송시열, 서광사, 2024. 출판 소식을 전해드립니다.
https://www.aladin.co.kr/shop/wproduct.aspx?ItemId=342835518"
philosophy,[포럼] 2024 신新 경세유표 기후변화와 실학 포럼 – 벗고잠시法古創新,N/A,2024-08-06,https://philo.ssu.ac.kr/%ed%95%99%ea%b3%bc%ec%82%ac%eb%ac%b4%ec%8b%a4%ec%95%8c%eb%a6%bc/%ea%b3%b5%ec%a7%80%ec%82%ac%ed%95%ad/?term_id&slug=4785,"2024 신新 경세유표 기후변화와 실학 포럼 – 벗고잠시法古創新 안내 드립니다.
1. 일시
2024년 9월 7일(토) 14:00 ~ 17:00
2. 장소
경기상상캠퍼스 공간1986 멀티벙커 (경기 수원시 권선구 서둔로 166)
3. 주최/주관
경기도, 실학박물관, 지구아이
***참석 가능한 학우님께서는 장미성교수님 (misung91@ssu.ac.kr)께 연락부탁드립니다.
*** 협력
지구와사람
*** 기획취지
현시대 기후변화의 해법을 찾기 위해 조선 후기 실학사상에 담긴 지혜를 빌려오고자 한다. 우리 선조 실학자들은, 상황을 현실적으로 진단하고 이를 해결하기 위한 개혁적이고 실용적인 방법과 정책을 모색하였다. 특히, 실학자들은 당시에 이미 과학적인 방법론을 통해 자연을 이해하고 문제를 해결하려 부단히 노력했다. 이러한 실학자들의 지혜를 이해하고, 미래세대와 더불어 대화를 나누며 기후 위기에 대한 창조적인 해법을 찾는 자리를 가진다. 이번 행사는 크게 전문가 강의, 실학을 보다 쉽게 이해할 수 있도록 돕는 렉쳐 퍼포먼스(Lecture Perfomance, 연극형 강의), 마지막으로 종합토론과 음악 공연의 순서로 진행될 예정이다."
philosophy,[학술발표회] 서양근대철학회 정기학술발표회_8월 31일,N/A,2024-08-06,https://philo.ssu.ac.kr/%ed%95%99%ea%b3%bc%ec%82%ac%eb%ac%b4%ec%8b%a4%ec%95%8c%eb%a6%bc/%ea%b3%b5%ec%a7%80%ec%82%ac%ed%95%ad/?term_id&slug=4779,"서양근대철학회 8월 정기학술발표회 일정
*
일시
:
2024
년 8월 31일 토요일
14:00~18:00
*
장소
:
고려대학교 문과대
(
서관
215
호
)
(
안암역
2
번 출구로 나오셔서 정경대 후문으로 들어와 약
100
미터 직진하시면 됩니다
.
시계탑 건물 찾아오시면 됩니다
.)
첫 번째 발표
:
<
흄의 에세이
<도덕, 정치, 문학>에 나타난 ‘세련된 정치(polite politics)’에 관하여
>
발표
: 양선이
(한국외
대
),
논평
: 김병재
(DGIST
)
두 번째 발표
:
<
루소의 감정주의와 양심의 도덕성
>
발표
: 김다솜
(중앙대
),
논평
: 박경남
(단국대
)
http://modernphilosophy.kr/notice/view.asp?Key=97"
philosophy,[서평제] 2024 철학과 서평제,N/A,2024-08-05,https://philo.ssu.ac.kr/%ed%95%99%ea%b3%bc%ec%82%ac%eb%ac%b4%ec%8b%a4%ec%95%8c%eb%a6%bc/%ea%b3%b5%ec%a7%80%ec%82%ac%ed%95%ad/?term_id&slug=4768,"<제 4 회 숭실철학 서평제 공모전>
비교과(펀시스템) 신청링크:
https://fun.ssu.ac.kr/ko/program/all/view/4262https://fun.ssu.ac.kr/ko/program/all/view/3540
철학과 학우 여러분의 많은 참여 부탁드립니다.
-일정 및 진행방법-
1. 제출기간: 2024. 8. 5. ~ 2024. 8. 18.
서평과 함께 표절률 검사(카피킬러)결과 반드시 제출(표절률 검사 미제출 시에는 심사대상에서 제외됨)
(※ 카피킬러 표절률이 높다고 판단되는 경우 심사위원들의 회의를 거쳐 심사대상에서 제외할 수 있음)
2. 공모주제: 숭실철학 필독도서 43선과 2024 추천도서
[숭철고전] 숭실철학 필독 고전도서 43선과 추천도서 5선 (2024)
(학과알림>공지사항에서 확인)
3. 제출양식: A4 3페이지 미만 (폰트10, 줄간격 160)
4. 심사:
1) 심사위원 (철학과 교수 5인)
2) 심사방식
① 이 책을 선택하게 된 동기와 이 책을 통해 사회적으로 해결해야 할 문제점들이 잘 드러나고 있는가 (20점)
② 책의 내용을 키워드 중심으로 잘 요약하고 설명하고 있는가 (20점)
③ 책의 저자인 철학자의 이론을 잘 이해하고 있는가 (20점)
④ 비판적 사고를 통해 저자의 주장을 검토하고 있는가 (20점)
⑤ 현실적인 문제에 대해 저자의 이론을 가지고 창의적으로 재구성할 수 있는가 (20점)
5. 시상내역
1) 최우수상: 10만원
2) 우수상: 5만원
6. 발표: 2024. 8. 31. 철학과 홈페이지(philo.ssu.ac.kr)를 통해 발표.
시상식은 시상자에게 개별 연락 후 철학과 사무실에서 8월 11일에 시행할 예정
<제출 및 문의>
제출 :fun 시스템 참가 및  철학과 이메일 (philosophy@ssu.ac.kr) 제출
문의: 철학과 사무실 (820-0370)"
philosophy,[장학] 2024-2학기 백마성적우수장학금 선발 기준 안내,N/A,2024-07-19,https://philo.ssu.ac.kr/%ed%95%99%ea%b3%bc%ec%82%ac%eb%ac%b4%ec%8b%a4%ec%95%8c%eb%a6%bc/%ea%b3%b5%ec%a7%80%ec%82%ac%ed%95%ad/?term_id&slug=4762,"1. 선발 요건
가. 2024학년도 2학기 국가장학금을 신청하여 소득분위 조회가 가능한 자
1) 1차 신청자에 한하여 등록금고지서 사전감면
2) 1차 미신청자 : 2차 신청/서류제출 확인 후 지급
(2차 신청자도 선발 및 사후지급가능하므로 학과에서는 현재 미신청자도 선발 요망)
3) 국가장학금을 신청할 수 없는 대한민국 국적 미소지자도 선발 가능
(단, 순수외국인전형으로 입학한 외국인유학생은 선발 불가)
나. 2024학년도 2학기 재학 및 복학예정자로 해당학기 등록금 납부 예정인 자
1) 2024학년도 2학기 前등록휴학 후 복학시 선발대상에서 제외(등록대체자)
2) 학기 중 미등록, 입학취소, 복학취소 등으로 인한 학적변동시 모든 장학금 취소
3) 선발 후, 학기 중 휴학 시 백마성적우수장학금은 복학학기로 이월
※ 추가 또는 교체선발 시 재학 중인 학생만 선발 (휴학생에 대한 추가/교체 불가)
다. 직전학기 15학점 이상 이수한 자 (졸업 직전학기는 직전학기 12학점 이상)
라. 정규등록학기가 8학기 이내인 자(건축학과 건축학전공: 정규등록 10학기 이내인 자)
마. F학점 포함 학적부성적 기준 직전학기 3.8 이상인 자
바. 모든 교내장학금간 중복수혜 불가
1) 신청장학금 중 수혜금액이 큰 장학금 자동선발
2) 중복수혜 가능 장학금: 국가장학금, 교외장학금, 학과우수장학금, 기타 학업장려비 지원 목적 장학금 등
사. 졸업예정자 선발 불가(조기졸업 대상자 포함)하므로 유의
2. 2024학년도2학기 선발 예정 인원
가. 수업료 100% 1인
나. 수업료 50% 4인
다. 수업료 25% 9인 (총 14명)
3. 2024학년도 2학기 백마성적우수장학금 선발 기준
가. 직전 학기 평점평균 기준 전체 학년 석차순 (학년 석차 1위이나, 기 선발 장학금, 등록학기 등의 이유로 선발 불가할 수 있음.)
나. 전체 석차 중, (각 학년 석차 1위 제외) 본교 장학팀 배정 인원까지 상위부터 선발.
다. 단, 동점자가 있을 경우 취득학점이 높은 학생을 상위 장학금에 배정."
philosophy,[채용공고] 2024-2학기 철학과 강사 공고,N/A,2024-07-12,https://philo.ssu.ac.kr/%ed%95%99%ea%b3%bc%ec%82%ac%eb%ac%b4%ec%8b%a4%ec%95%8c%eb%a6%bc/%ea%b3%b5%ec%a7%80%ec%82%ac%ed%95%ad/?term_id&slug=4751,"1. 채용분야:  붙임의「모집 단위 목록」 참조
2. 지원자격
가. 공통사항
1)「대학교원 자격기준 등에 관한 규정」에 따른 자격 기준을 충족하는 자
2) 관계 법령 및 본 대학교 규정에 따라 임용에 결격사유가 없는 자
3) 임용일 기준 만 65세에 도달하지 아니한 자
나. 직종별 지원자격
– 교육 및 연구경력연수: 연구실적연수와 교육경력연수 중 어느 하나가 기준에 미달하더라도 연구실적연수와 교육경력연수의 합계가 해당 기준을 충족하면 자격기준을 갖춘 것으로 본다.
구분
대학졸업자ㆍ동등자격자
전문대학졸업자ㆍ동등자격자
경력연수
연구실적연수
교육경력연수
계
연구실적연수
교육경력연수
계
강사
1
1
2
1
2
3
※ 타 대학 전임교원은 본교 강사로 임용이 가능하나 해당 대학의 규정에 위배되지 않도록 유의
3. 임용조건
가. 임용예정일: 2024년 9월 1일
나. 임용기간: 2024년 9월 1일 ~ 2025년 8월 31일
※단, 6개월 연구년 교원의 강의대체를 위해 임용되는 경우는 2025년 2월 28일까지로 함
다. 보 수: 본 대학교 보수지급기준에 따름
라 재임용 사항
1) 강사는 신규임용 기간을 포함하여 3년까지 재임용 절차를 보장
2) 연구년, 휴직, 보직 임명 등으로 인한 강의 대체를 위해 임용한 강사에 대해서는 재임용 절차를 보장하지 않음(모집단위 확인)
3) 겸임교수의 계약기간은 1년이며 재임용 절차를 보장하지 않음
4. 심사단계 및 기준
가. 1단계(서류심사): 서류심사(기초 및 전공심사)는 지원자의 지원서 작성내용 및 서류 (자기소개서, 강의계획서, 연구업적목록 등)를 종합적으로 평가함
나. 2단계(면접심사) : 지원자의 교육역량 및 교육자적 자질 등을 종합적으로 평가함
다. 모집단위 별로 2단계 면접심사를 생략할 수 있으며, 면접심사를 실시하는 모집단위 는 붙임의 「모집 단위 목록」의 평가방법을 참조
5. 채용 일정
업무
일정
비고
채용 공고 및
지원서 접수
2024.07.12.(금) 17:00
∼
2024.07.18(목) 23:59
‣ 지원서 접수는
※ philosophy@ssu.ac.kr 이메일 접수
‣ 접수기간 내에 접수 완료된 지원자에 한해 평가가
진행되며, 접수기간 종료 후에는 수정, 접수가 불가능하니 반드시 마감 전에 접수를 완료해야
심사
2024.07.19(금)
∼
2024.07.22(월) 예정
‣ 2차 면접심사 대상자는
학과(부)에서 개별 연락함
합격자 발표
2024.07.29(월) 예정
‣ 서류심사+면접심사 또는 서류심사 후 합격자 발표
(심사 구분은 붙임의 모집 단위 목록 참조)
‣ 학과에서 합격자에게 개별 안내
최종 합격자
임용서류 접수
2024.07.29(월)
∼
2024.08.02(금) 예정
‣ 모든 합격자는 일정 내 임용서류를 제출해야만 최종 합격 처리됨
‣ 기한 내 임용서류 미제출 시 임용포기로 간주하며 차순위자에게 합격 통보할 수 있음
1차 추가 합격자 발표 및 임용서류 접수
개별 연락
※ 채용 일정은 진행 경과에 따라 조정될 수 있음
6. 지원방법 및 제출서류 안내
가. 지원서 접수 2024.07.12.(금) 17:00∼2024.07.18(목) 23:59
2) 접수 방법: 이메일을 통해
※ philosophy@ssu.ac.kr 이메일 접수
3) 정해진 양식 외 제출서류는 모두 PDF파일로 스캔하여 첨부
나. 지원자 제출서류
1) 이력서(신상정보)
– 필수 제출 서류
2) 자기소개서 1부 *(자유양식)
– 필수 제출 서류
3) 강의계획서 1부 *
– 지정된 서식을 다운로드 받아 작성 후 파일 첨부
– 지난학기 강의계획서는 saint.ssu.ac.kr – 자주찾는 메뉴 – 시간표조회에서 과목검색하여 확인 가능
– 필수 제출 서류
4) 학위별 학력증명서 및 성적증명서 각 1부
– 원본을 스캔하여 PDF파일로 첨부
– 필수 제출 서류
5) 강의경력증명서 각 1부 [최근 4년간]
– 원본을 스캔하여 PDF파일로 첨부
– 입력한 내용과 일치하여야 하며, 증명서가 없는 경력사항은 인정하지 않음
6) 재직 및 기타 경력사항 증빙서류 각 1부 [최근 4년간]
– 원본을 스캔하여 PDF파일로 첨부
– 입력한 내용과 일치하여야 하며, 증명서가 없는 경력사항은 인정하지 않음
7) 연구실적목록 1부 [최근 4년간]
– 연구업적은 최근 4년간(2020.06.01~2024.05.31)이며, 대표 논문업적 5편 이내로 제출
– 게재 예정이거나 출판되지 않은 것은 실적으로 인정되지 않음
8) 연구실적 증빙물
– 연구실적목록에 기재된 연구실적 원본을 스캔하여 PDF파일로 첨부
– 연구실적 증빙물은 모아서 파일 1개로 통합하여 첨부
• 최종학위 논문: 표지, 초록부분
• 학술지 논문: 표지, 초록부분(학술지명,발행년월,권호,저자명 등이 표기된 부분)
• 저서/번역서: 표지, 목차, 머리말, 본문의 일부(처음 3~4페이지), 판권(발행년 월, 개정여부, 저자명 포함)
• 창작발표회/전시회: 예체능계열만 첨부
• 연구실적 증빙물 제출시 연구실적목록 상의 순서대로 정렬하여 제출
※ 제출서류를 접수기간 내에 입력하지 않는 경우에는 서류미비로 미접수 처리됨
※ 최종 합격자에 한하여 제출서류 원본 일체를 우편 또는 방문 제출
※ 합격자 추가 제출서류 등 자세한 설명은 최종합격자 발표 시 안내할 예정
7. 지원자 유의사항
가. 해당 분야에 적임자가 없는 경우 채용하지 않을 수 있음
나. 중복 지원할 수 없으며, 중복지원 시 지원을 모두 무효로 하거나 합격을 취소함
다. 강사 채용과 관련된 제반 일정은 본교 사정에 의해 변경될 수 있음
라. 임용 이후 학사운영 및 교과과정 조정에 따라 담당 교과목 및 강의시간이 변경될 수 있음
마. 신원조회 및 성범죄경력조회 결과 이상이 있으면 합격이 취소될 수 있음
바. 임용에 결격사유가 있거나 제출된 서류의 내용이 사실과 다를 경우 임용 취소함
사. 합격자에 한해 추가 증빙서류 제출을 요구할 수 있음
아. 재임용 제외 사유에 해당되는 모집단위는 재임용이 보장되지 않음
자. 각종 증명서류는 최근 3개월 이내 발급 본 제출을 원칙으로 하며, 원본은 최종 합격 이후에 제출함
차. 최종합격자 발표 기간 중 합격자 제출서류를 정해진 기간 내에 제출하지 않을 경우 임용을 포기한 것으로 간주하며, 심사 결과에 따른 차순위후보자를 임용할 수 있음
카. 평가방법은 추후 사정에 따라 변경될 수 있음
8. 문의처: 철학과 02-820-0370
※ 전화 문의 가능시간: 10:00 ~ 17:00
※ 공휴일(토,일)은 전화문의 응대할 수 없으니 유의하시기 바랍니다."
philosophy,[알림] 2024년 한국고등교육재단 해외유학후보장학생 선발,N/A,2024-06-27,https://philo.ssu.ac.kr/%ed%95%99%ea%b3%bc%ec%82%ac%eb%ac%b4%ec%8b%a4%ec%95%8c%eb%a6%bc/%ea%b3%b5%ec%a7%80%ec%82%ac%ed%95%ad/?term_id&slug=4744,"모집 안내 및 지원 방법
1) 세부 모집요강:
https://www.kfas.or.kr/bbs/board.php?bo_table=kfas_whats_new&wr_id=79
2) 온라인 지원:
https://apply.kfas.or.kr/"
philosophy,[공지] 제1회 서양고대철학 대학원 연합학술제(2024.06.28. 14시-경희대 문과대 101호),N/A,2024-06-19,https://philo.ssu.ac.kr/%ed%95%99%ea%b3%bc%ec%82%ac%eb%ac%b4%ec%8b%a4%ec%95%8c%eb%a6%bc/%ea%b3%b5%ec%a7%80%ec%82%ac%ed%95%ad/?term_id&slug=4738,
philosophy,[공모전] 2024년 학술적 글쓰기 공모전,N/A,2024-06-14,https://philo.ssu.ac.kr/%ed%95%99%ea%b3%bc%ec%82%ac%eb%ac%b4%ec%8b%a4%ec%95%8c%eb%a6%bc/%ea%b3%b5%ec%a7%80%ec%82%ac%ed%95%ad/?term_id&slug=4728,링크 : https://fun.ssu.ac.kr/ko/program/all/view/4122
philosophy,[모집] 세계법철학 및 사회철학회 (IVR) 서포터즈 모집,N/A,2024-06-05,https://philo.ssu.ac.kr/%ed%95%99%ea%b3%bc%ec%82%ac%eb%ac%b4%ec%8b%a4%ec%95%8c%eb%a6%bc/%ea%b3%b5%ec%a7%80%ec%82%ac%ed%95%ad/?term_id&slug=4714,https://fun.ssu.ac.kr/ko/program/all/view/4170
philosophy,[학술대회자료집] 2024 한국드라마학회 춘계학술대회 자료집,N/A,2024-06-05,https://philo.ssu.ac.kr/%ed%95%99%ea%b3%bc%ec%82%ac%eb%ac%b4%ec%8b%a4%ec%95%8c%eb%a6%bc/%ea%b3%b5%ec%a7%80%ec%82%ac%ed%95%ad/?term_id&slug=4688,
philosophy,[행사] 서울 숭실 세움 70주년 기념행사,N/A,2024-04-12,https://philo.ssu.ac.kr/%ed%95%99%ea%b3%bc%ec%82%ac%eb%ac%b4%ec%8b%a4%ec%95%8c%eb%a6%bc/%ea%b3%b5%ec%a7%80%ec%82%ac%ed%95%ad/?term_id&slug=4129,*포스터와 안내자료 제작을 위해 수고해주신 모든 분께 감사의 인사를 전합니다.
philosophy,[과사] 숭철북카페 오픈,N/A,2024-03-22,https://philo.ssu.ac.kr/%ed%95%99%ea%b3%bc%ec%82%ac%eb%ac%b4%ec%8b%a4%ec%95%8c%eb%a6%bc/%ea%b3%b5%ec%a7%80%ec%82%ac%ed%95%ad/?term_id&slug=3871,숭철 구성원들이 함께 모여 공부하고 더 많이 소통할 수 있도록 숭철북카페를 오픈했습니다. 학과사무실을 리모델링 했습니다. 편하게 이용하세요.
philosophy,[70주년기념] 숭실대학교 故 이당 안병욱 명예 교수,N/A,2024-03-04,https://philo.ssu.ac.kr/%ed%95%99%ea%b3%bc%ec%82%ac%eb%ac%b4%ec%8b%a4%ec%95%8c%eb%a6%bc/%ea%b3%b5%ec%a7%80%ec%82%ac%ed%95%ad/?term_id&slug=3807,철학과에서는 창립 70주년을 기념하여 안병욱 교수님을 기념하는 동영상을 올리니 많은 시청 바랍니다.
philosophy,[숭철고전] 숭실철학 필독 고전도서 43선과 추천도서 5선 (2024),N/A,2024-02-27,https://philo.ssu.ac.kr/%ed%95%99%ea%b3%bc%ec%82%ac%eb%ac%b4%ec%8b%a4%ec%95%8c%eb%a6%bc/%ea%b3%b5%ec%a7%80%ec%82%ac%ed%95%ad/?term_id&slug=3772,2023 숭실철학 필독 고전도서 43선과 추천도서 5선
philosophy,[과사] 철학과 사무실 임시 폐쇄 안내,N/A,2024-02-14,https://philo.ssu.ac.kr/%ed%95%99%ea%b3%bc%ec%82%ac%eb%ac%b4%ec%8b%a4%ec%95%8c%eb%a6%bc/%ea%b3%b5%ec%a7%80%ec%82%ac%ed%95%ad/?term_id&slug=3741,"[철학과 사무실 임시 폐쇄 안내]
철학과 사무실 내부 공사로 인하여 2/16(금) ~ 26(월)까지 철학과 사무실을 폐쇄하오니, 이 점 유의하시어 방문하실 때 참고하시기 바랍니다.
2/16(금)에는 학위수여식이 있어 학위증 수령을 위해 학과 사무실을 10-16시까지 개방합니다.  16시 이후 학위증 수령을 원하시는 경우 철학과 사무실(02-820-0370)로 전화 문의주시기 바랍니다."
philosophy,[장학] 2024-1학기 백마성적우수장학금 선발 기준 안내,N/A,2024-01-10,https://philo.ssu.ac.kr/%ed%95%99%ea%b3%bc%ec%82%ac%eb%ac%b4%ec%8b%a4%ec%95%8c%eb%a6%bc/%ea%b3%b5%ec%a7%80%ec%82%ac%ed%95%ad/?term_id&slug=3713,"1. 선발 요건
가. 2024학년도 1학기 국가장학금을 신청하여 소득분위 조회가 가능한 자
1) 1차 신청자에 한하여 등록금고지서 사전감면
2) 1차 미신청자 : 2차 신청/서류제출 확인 후 지급
(2차 신청자도 선발 및 사후지급가능하므로 학과에서는 현재 미신청자도 선발 요망)
3) 국가장학금을 신청할 수 없는 대한민국 국적 미소지자도 선발 가능
(단, 순수외국인전형으로 입학한 외국인유학생은 선발 불가)
나. 2024학년도 1학기 재학 및 복학예정자로 해당학기 등록금 납부 예정인 자
1) 2024학년도 1학기 前등록휴학 후 복학시 선발대상에서 제외(등록대체자)
2) 학기 중 미등록, 입학취소, 복학취소 등으로 인한 학적변동시 모든 장학금 취소
3) 선발 후, 학기 중 휴학 시 백마성적우수장학금은 복학학기로 이월
※ 추가 또는 교체선발 시 재학 중인 학생만 선발 (휴학생에 대한 추가/교체 불가)
다. 직전학기 15학점 이상 이수한 자 (졸업 직전학기는 직전학기 12학점 이상)
라. 정규등록학기가 8학기 이내인 자(건축학과 건축학전공: 정규등록 10학기 이내인 자)
마. F학점 포함 학적부성적 기준 직전학기 3.5 이상인 자
바. 모든 교내장학금간 중복수혜 불가
1) 신청장학금 중 수혜금액이 큰 장학금 자동선발
2) 중복수혜 가능 장학금: 국가장학금, 교외장학금, 학과우수장학금, 기타 학업장려비 지원 목적 장학금 등
사. 졸업예정자 선발 불가(조기졸업 대상자 포함)하므로 유의
2. 2024학년도 1학기 선발 예정 인원
가. 수업료 100% 1인
나. 수업료 50% 4인
다. 수업료 25% 9인 (총 14명)
3. 2024학년도 1학기 백마성적우수장학금 선발 기준
가. 직전 학기 평점평균 기준 전체 학년 석차순 (학년 석차 1위이나, 기 선발 장학금, 등록학기 등의 이유로 선발 불가할 수 있음.)
나. 전체 석차 중, (각 학년 석차 1위 제외) 본교 장학팀 배정 인원까지 상위부터 선발.
다. 단, 동점자가 있을 경우 취득학점이 높은 학생을 상위 장학금에 배정."
philosophy,[특강] 2023 겨울학기 학술연합세미나 특강,N/A,2023-12-26,https://philo.ssu.ac.kr/%ed%95%99%ea%b3%bc%ec%82%ac%eb%ac%b4%ec%8b%a4%ec%95%8c%eb%a6%bc/%ea%b3%b5%ec%a7%80%ec%82%ac%ed%95%ad/?term_id&slug=3699,"2023 겨울학기 학술연합세미나 특강 안내입니다.
제목: 고전(古典)이 고전(苦戰)을 면치 못하는 이유 – <논어>를 중심으로
강사: 오상현 교수
일시: 2023년 12월 28일 오후 2시
장소: 조만식 329호
대상: 숭실대 학부생, 대학원생"
philosophy,[학회] 2023 겨울 학회 연합 세미나,N/A,2023-12-26,https://philo.ssu.ac.kr/%ed%95%99%ea%b3%bc%ec%82%ac%eb%ac%b4%ec%8b%a4%ec%95%8c%eb%a6%bc/%ea%b3%b5%ec%a7%80%ec%82%ac%ed%95%ad/?term_id&slug=3696,"2023 겨울학기 학회 연합 세미나 안내입니다.
‘고전’이라는 주제를 다룬 다섯 개의 전공 서적 중 하나를 택하여 세미나를 진행하고, 대학원생의 코칭을 통하여 발표 및 논문을 준비하는 연합 학술세미나입니다.
세미나 참가 인원은 모두 서평 혹은 논문을 제출해야 하며 논문은 심사를 통해 시상을 진행할 예정입니다.
<세미나 진행 도서>
– 아르케이온 (서양고대철학): 고대 그리스 언어와 사상 (부교재: 고전 그리스어 기본 문법)
– 가리사니 (윤리정치철학): 플라톤 <국가>
– 언어예술분과 (언어예술철학): 니체, <비극의 탄생>
– 유레카 (현대영미철학): 흄, <인간이란 무엇인가>
– 궁리독서회 (동양철학): 공자 <논어>
<진행 일정>
1. 학회 전체 모임: 12월 28일(목) 14시 ~ 16시, 조만식 329호
2. 학회별 세미나 진행: 12월 19일(화) ~ 2월 8일(목)
3. 학술답사: 1월 넷째주 예정, 강화도
4. 논문 경연 대회: 2월 16일 16시까지 제출
가. 논문 (7페이지 이상) 제출 필수
나. 논문은 심사를 통해 상금 지급 예정: 대상 20만원, 우수상 10만원
<신청 및 문의>
1. 신청 기간: 12월 11일(월) ~ 12월 22일(금)
2. 신청 방법: 비교과 시스템을 통해 신청 (각 학회 당 선착순 5명으로 제한)
3. 문의: 철학과 사무실 (02-820-0370,
philosophy@ssu.ac.kr
)
<학회 소개>
– 아르케이온 (서양고대철학)
우리는 누군가를 처음 만나면 어디 출신인지 물어봅니다. 그만큼 무언가의 출신은 그것을 정의하는 데에 아주 중요한 문제입니다. 그러면 우리가 배우는 여러 학문들의 출신을 찾으려면 어디로 가야하나요? 당연히 고대 그리스입니다. (키케로도, 화이트헤드도, 대부분의 사람들도 인정하는 부분이죠.) ‘철학의 아버지’라고 불리는 소크라테스가 있고, ‘역사학의 아버지’라고 불리는 헤로도토스가 있으며, ‘수학의 아버지’ 피타고라스, ‘기하학의 아버지’ 유클리드(에우클레이데스), 2000년이 지나서도 읽히고 있는 호메로스의 서사시와 플라톤의 대화편과 소포클레스의 비극작품이 있는, 바로 그 고대 그리스로 가야 합니다.
이번 겨울방학 서양고대철학회에서는 <고대 그리스의 언어와 사상>이라는 주제로 고대 그리스의 문학, 역사학, 철학, 수학, 음악 등 모든 고대 그리스의 문화를 알아볼 겁니다. 그리고 학회 모임에서 고대 그리스 시대에 쓰인 작품 속의 수많은 그 시대 사람들의 생각을 따라 천천히 산책을 떠나보려 합니다.  주제가 <고대 그리스의 언어와 사상>인 만큼 우리는 고대 그리스어도 배워볼 겁니다. 고대 그리스어를 유명한 내용을 통해 간단하고 쉽게 배움으로써 고대 그리스 문화의 향기를 맡아보려고 합니다. 이런 작업은 2학년 1학기 전공 수업 ‘서양고대철학’을 들을 때에 분명 도움이 될 겁니다.  편하게 교양 유튜브 보듯이 천천히 따라오면서, 2000년이 지난 그리스의 문화와 사라진 언어를 느끼며 함께 고대 그리스를 산책하는 겨울방학이 되었으면 좋겠습니다.
– 가리사니 (윤리정치철학)
우리는 왜 『국가』를 읽어야 할까요
사실 우리는 다수결, 민주주의와 같은 방법이 최고라고 생각하고 있습니다. 국가의 지도자까지 갈 것 없이, 반장을 뽑을 때도, 조별과제를 할 때도 말입니다. 이런 민주성은 우리 역사가 선택한 것이기에 이보다 최선의 방법은 없다고 은연중에 생각하고 있는 것 같습니다. 그런 의미에서 플라톤의 민주주의 비판은 현재에 와서 시대착오적으로 다가올 수 있고 낡은 생각이라고 여겨질 수 있을 것입니다.
놀라운 것은 그럼에도 불구하고 민주주의에 대한 플라톤의 비판은 우리에게 유효하게 다가올 수 있다는 것입니다. 욕망이 다양해져서 정치 참여 말고 다른 곳에 신경을 쓰면서 선동자에게 흔들리고 결과적으로 참주정이 등장 한다는 플라톤의 지적을 봅시다. 그 결과 사람들은 정치적 자유와 투표보다는 돈과 게으름에 종속되고, 결국 포퓰리즘이라는 정부에 휘둘리는 모습은 오늘날에도 너무나 익숙합니다. 민주주의에 대한 의심과 합리적 비판, 그것이 플라톤의 국가를 읽고자 하는 가장 큰 이유가 될 것 같습니다.
– 언어예술분과 (언어예술철학)
겨울방학 언어예술분과는 학술적 고전읽기/문학 작품 비평으로 나누어서 학회를 진행합니다. 학술적 고전읽기에서는 이전 예술철학에 반기를 들어 현대 예술철학에 지대한 영향을 주었던 니체의 예술철학을 알아보고자 합니다. 유고집에 수록된 「비도덕적 의미에서의 진리와 거짓에 관하여」를 읽으며 비도덕적인 그리고 반언어적인 예술에 대해, 『비극의 탄생』을 읽으며 아폴론적 그리고 디오니소스적 예술에 대해 논의할 것입니다. 문학 작품 비평에서는 많은 철학자들에게 영향을 주었던 작가인 카프카의 소설을 읽고자 합니다. 「변신」, 「법 앞에서」, 「학술원에의 보고」 등 주요한 단편소설 10편과 장편소설인 『소송』과 『성』을 읽고 논의할 것입니다. 또한 벤야민 등 여러 철학자의 카프카 비평을 읽으며 직접 비평문을 써볼 예정입니다.
– 유레카 (현대영미철학)
근래 들어 반지성주의라는 말이 많이 쓰이는 것을 볼 수 있습니다. 어찌 보면 이성의 힘이 약해지는 시대 같지만, 이 상황은 역설적으로 아직 사람들에게 이성이 중요한 가치로 남아 있음을 알려주는 것이기도 합니다. 반지성주의라는 말을 상대에게 쓴다면, 자신은 그와 반대로 지성, 즉 이성에 입각하여 살아간다는 것을 말하고 싶어하는 것일 테니까요. 이러한 이성에 대한 우대, 더 나아가 이성 중심주의적 경향은 근대 철학사부터 특히나 두드러지는 경향을 보입니다. 이성을 통해 세상을 온전히 해석할 수 있다는 믿음이 깔려 있었기 때문입니다. 그러나 흄은 이러한 이성중심주의를 정면으로 비판합니다. 이성이 과연 우리가 생각하는 것만큼 정확한 것인지, 감성은 이성의 방해물이기만 한 것인지를 논하며, 궁극적으로 ‘알 수 있다’ 혹은 ‘알고 있다’는 확신이 얼마나 터무니없는지를 보여줍니다.
현대영미철학회가 이번 방학 동안 읽을 흄의 [인간이란 무엇인가]에는 흄의 이러한 사상이 잘 들어가 있습니다. 방학 동안 해당 책을 함께 읽으며 흄의 사사에 대한 이해를 넓혀갈 분을 기다리고 있습니다.
– 궁리독서회 (동양철학)
『논어』라고 하면 흔히들 고리타분함을 느낍니다. 공자가 누구고, 인∙의∙예∙지가 뭔지 과거 수업 시간에 들어 잘 안다고 생각하기 때문입니다. 그러나 우리는 정말 『논어』의 내용을 알고 있을까요? 이를테면 고등학교 윤리 시간에 유가의 ‘인仁=사랑’이라는 공식으로 외운 기억이 있을 것입니다. 하지만 『논어』에서 인[仁]은 105회 나오며 그때마다 공자는 인을 다른 의미로 설명하니, 우리는 책의 핵심인 인[仁]조차 몰랐다고 할 수 있습니다. 그렇다면 『논어』를 우리가 사실 잘 몰랐다는 점은 알겠지만, 굳이 그 책을 읽어야 할 이유는 무엇일까요? 이에 대한 답은 논어 에세이 『우리가 간신히 희망할 수 있는 것』을 인용하여 대신하겠습니다.
“『논어』를 왜 읽는가? 고전을 왜 읽는가? 실로 고전 텍스트를 읽는다고 해서 노화를 막거나, 요로결석을 치유하거나, 서구 문명의 병폐를 극복하거나, 21세기 한국 정치의 대답을 찾거나, 자본주의의 병폐를 치유할 길은 없다. 고전 텍스트를 읽음을 통해서 우리가 간신히 희망할 수 있는 것은, 텍스트를 읽을 줄 아는 사람이 되는 것이다. 그리고 삶과 세계는 텍스트이다.” (17쪽)"
philosophy,[행사] 2023학년도 철학과 북콘서트 & 진로취업세미나,N/A,2023-11-23,https://philo.ssu.ac.kr/%ed%95%99%ea%b3%bc%ec%82%ac%eb%ac%b4%ec%8b%a4%ec%95%8c%eb%a6%bc/%ea%b3%b5%ec%a7%80%ec%82%ac%ed%95%ad/?term_id&slug=3648,"2023년 철학과 북콘서트 및 진로취업세미나 개최 안내
1) 일시 및 장소 : 2023년 11월 24일(금) 18시 ~ 20시 30분, 조만식기념관 12209호
2) 대상 : 철학과 학부 재학생
3) 특강자
– 1부: 김선욱 교수
– 2부: 허진우(철학 16/유튜브 크리에이터), 정원욱(철학16/농심 재직), 유승상(철학16/카피라이터)
4) 신청방법: 펀시스템(
https://fun.ssu.ac.kr/ko/program/all/view/3850
)
북콘서트 관련 핸드아웃을 첨부하오니 참고바랍니다."
philosophy,2024학년도 1학기 학·석사연계과정 지원 및 선발 안내,N/A,2023-11-09,https://philo.ssu.ac.kr/%ed%95%99%ea%b3%bc%ec%82%ac%eb%ac%b4%ec%8b%a4%ec%95%8c%eb%a6%bc/%ea%b3%b5%ec%a7%80%ec%82%ac%ed%95%ad/?term_id&slug=3637,"[2024학년도 1학기 학·석사연계과정 지원 및 선발 안내]
1. 지원기간 : 2023.12.04(월)~12.15(금)
2. 모집학과 : 학사과정과 석사과정에 동일(또는 유사)학과가 있는 학과(계약학과 제외)
3.지원자격 :
다음 각호 모두 해당되는 자
가. 지원일 당시 학사과정 4학기 이상 6학기 이내 재학 중(건축학부 건축학전공은 6학기 이상 8학기 이내 재학 중)인 자 (학·석사연계과정 신청자는 조기졸업 신청을 할 수 없음)
나. 재수강 이전 과목, 학점포기한 과목, F학점 과목 등을 포함한 전체 과목의 총평점평균이 3.0 / 4.5 이상인 자
다. 7학기 또는 8학기(건축학부 건축학 전공은 9학기 또는 10학기)에 학사과정의 졸업요건을 충족할 수 있는 자
라. 지원하고자 하는 일반대학원 학과 주임교수와 지도교수의 추천을 받은 자
마. 지원하고자 하는 일반대학원의 동일(또는 유사)학과를 주전공 또는 복수전공으로 하는자
4. 제출서류 및 지원방법
가. 학·석사연계과정 신청서 1부.
나. 대학원 교학팀으로 방문 접수(웨스트민스터홀 658호)
5. 선발인원 : 석사과정 입학정원의 20%
6. 발표일 : 2024.01.26(금) 예정 – 학과 및 개별통지
7. 관련안내
가. 대상 : 지원가능 대상자 및 학과
나. 방법 : 안내문 배포 및 대학원 홈페이지 공지
8. 문의처 : 대학원 교학팀(02-820.0258~9 , grad@ssu.ac.kr)"
philosophy,[채용] 유네스코 아태교육원 사업보조원 채용 안내,N/A,2023-08-03,https://philo.ssu.ac.kr/%ed%95%99%ea%b3%bc%ec%82%ac%eb%ac%b4%ec%8b%a4%ec%95%8c%eb%a6%bc/%ea%b3%b5%ec%a7%80%ec%82%ac%ed%95%ad/?term_id&slug=3496,"https://www.unescoapceiu.org/post/4859
유네스코 아시아태평양 국제이해교육원(이하 아태교육원) 채용 관련 안내입니다.
관심 있는 학우분은 참고하시기 바랍니다."
philosophy,[장학] 2023-2학기 백마성적우수장학금 선발 기준 안내,N/A,2023-07-24,https://philo.ssu.ac.kr/%ed%95%99%ea%b3%bc%ec%82%ac%eb%ac%b4%ec%8b%a4%ec%95%8c%eb%a6%bc/%ea%b3%b5%ec%a7%80%ec%82%ac%ed%95%ad/?term_id&slug=3473,"1. 본교 자격 요건
가. 2023학년도 2학기 국가장학금을 신청하여 소득분위 조회가 가능한 자
1) 1차 신청하여 국가장학금 심사된 자에 한하여 등록금고지서 사전감면
2) 1차 미신청자 : 2차 신청(8월 중순부터 개시 예정) 및 심사 여부 확인 후 지급 (2차 신청자는 10월 말~11월 초 국가장학금 승인 차수에 따라 순차적으로 사후지급)
3) 국가장학금을 신청할 수 없는 대한민국 국적 미소지자도 선발 가능 (단, 순수외국인전형으로 입학한 외국인 유학생은 선발 불가)
나. 2023학년도 2학기 재학 및 복학예정자로 해당학기 등록금 납부 예정인 자
1) 2023학년도 2학기 前등록휴학 후 복학시 선발대상에서 제외(등록대체자)
2) 학기 중 미등록, 자퇴, 제적, 입학취소, 복학 취소 등 학적변동시 모든 장학금 취소
3)
선발 후 휴학 시 백마성적우수장학금은 복학 학기로 이월되며
복학 학기에  국가장학금 신청 의무임 (해당 사항 학생 안내 요망)
4) 추가 또는 교체선발 시에는 재학 중인 학생만 선발 가능(휴학생 추가/교체 불가)
다. 직전학기 15학점 이상 이수한 자 (졸업 직전학기는 직전학기 12학점 이상)
라. 정규등록학기가 8학기 이내인 자(건축학과 건축학전공: 정규등록 10학기 이내인 자)
마. F학점 포함 학적부성적 기준 직전학기 3.5 이상인 자
바. 모든 교내장학금간 중복수혜 불가
1) 신청장학금 중 수혜금액이 큰 장학금 선발(동일할 시 백마성적우수장학금 선발)
2) 중복수혜 가능 장학금: 국가장학금, 교외장학금, 학업장려비 지원 목적 장학금 등
2. 2023학년도 2학기 선발 예정 인원
가. 수업료 100% 1인
나. 수업료 50% 4인
다. 수업료 25% 11인 (총 16명)
3. 2023학년도 2학기 백마성적우수장학금 선발 기준
가. 직전 학기 평점평균 기준 전체 학년 석차순 (
학년 석차 1위이나, 기 선발 장학금, 등록학기 등의 이유로 선발 불가할 수 있음.)
나. 전체 석차 중, (각 학년 석차 1위 제외) 본교 장학팀 배정 인원까지 상위부터 선발.
다. 단, 동점자가 있을 경우 취득학점이 높은 학생을 상위 장학금에 배정."
philosophy,[공모전] 제5회 인문학 강화 독후감 공모전,N/A,2023-07-12,https://philo.ssu.ac.kr/%ed%95%99%ea%b3%bc%ec%82%ac%eb%ac%b4%ec%8b%a4%ec%95%8c%eb%a6%bc/%ea%b3%b5%ec%a7%80%ec%82%ac%ed%95%ad/?term_id&slug=3452,"교외 공모전 안내드립니다. 철학과 학우 여러분의 많은 참여 부탁드립니다.
대상: 숭실대 학부 재학생 및 휴학생
참가 신청 안내
신청 기간: ~8/31(목) 24:00까지 (마감시간 준수)
신청 방법: 일반독후감/영상독후감 중 희망하는 부문 택1하여 펀시스템 신청하면 담당자 확인 후 신청승인 처리
본 행사는 교외 공모전이므로, 반드시 소정의 양식을 작성하여 펀시스템 신청 시 첨부하거나, 메일로 제출하여야 참가신청이 완료됩니다.
제출 서류: 참가신청서(숭실대학교) 1부, 개인정보 수집 동의서 1부, 유의 사항 확인 동의서 1부
원고/작품 제출 안내
“숭실대학교 추천도서 목록” 중 1권을 읽고 독후감 제출(첨부한 엑셀파일 참고)
제출 마감 기한: ~10/2(월) 24:00까지(메일 도착 시간 혹은 펀시스템 업로드 완료시간 기준)
제출 방법(택 1): 메일 제출(
chj8121@ssu.ac.kr
)/ 펀시스템 활동 게시판에 반드시 “
비공개
” 글로 업로드
원고/작품 심사 기준
영상 독후감: 자유형식 /
3~5분 이내
영상형태의 파일로 제출(MP4, WMV, AVI 등)
일반 독후감: 한글 파일에 작성,
공백 제외 3,000자 이상 6,000자 미만, 휴먼명조, 12포인트(A4), 줄간격 160%
원고 첫머리에 1. 도서명, 2. 독후감제목을 적음
(양식 준수)
※ 글자 수 확인 방법 : 한글 파일 메뉴 탭 → 파일 → 문서 정보 → 문서 통계 – 글자(공백 제외)
심사기준(영상길이 3분 미만 5분 초과 또는 글자 수/한글양식) 미 준수 시 심사 과정에서 불이익을 받을 수 있습니다
기타 자세한 내용은 포스터/ 중앙도서관 홈페이지
https://oasis.ssu.ac.kr/#/bbs/notice/12125
신청링크
https://fun.ssu.ac.kr/ko/program/all/view/3531"
philosophy,[서평제] 2023 철학과 서평제,N/A,2023-06-22,https://philo.ssu.ac.kr/%ed%95%99%ea%b3%bc%ec%82%ac%eb%ac%b4%ec%8b%a4%ec%95%8c%eb%a6%bc/%ea%b3%b5%ec%a7%80%ec%82%ac%ed%95%ad/?term_id&slug=3374,"<제 3 회 숭실철학 서평제 공모전>
비교과(펀시스템) 신청링크:
https://fun.ssu.ac.kr/ko/program/all/view/3540
철학과 학우 여러분의 많은 참여 부탁드립니다.
-일정 및 진행방법-
1. 제출기간: 2023. 6. 19. ~ 2023. 7. 31.
서평과 함께 표절률 검사(카피킬러)결과 반드시 제출(표절률 검사 미제출 시에는 심사대상에서 제외됨)
(※ 카피킬러 표절률이 높다고 판단되는 경우 심사위원들의 회의를 거쳐 심사대상에서 제외할 수 있음)
2. 공모주제: 숭실철학 필독도서 43선과 2023 추천도서
2023 숭실철학 필독 고전도서 43선과 추천도서 5선
(학과알림>공지사항에서 확인)
3. 제출양식: A4 3페이지 미만 (폰트10, 줄간격 160)
4. 심사:
1) 심사위원 (철학과 교수 5인)
2) 심사방식
① 이 책을 선택하게 된 동기와 이 책을 통해 사회적으로 해결해야 할 문제점들이 잘 드러나고 있는가 (20점)
② 책의 내용을 키워드 중심으로 잘 요약하고 설명하고 있는가 (20점)
③ 책의 저자인 철학자의 이론을 잘 이해하고 있는가 (20점)
④ 비판적 사고를 통해 저자의 주장을 검토하고 있는가 (20점)
⑤ 현실적인 문제에 대해 저자의 이론을 가지고 창의적으로 재구성할 수 있는가 (20점)
5. 시상내역
1) 대상: 20만원
2) 최우수상: 10만원
3) 우수상: 5만원
6. 발표: 2023. 8. 11. 철학과 홈페이지(philo.ssu.ac.kr)를 통해 발표.
시상식은 시상자에게 개별 연락 후 철학과 사무실에서 8월 11일에 시행할 예정
<제출 및 문의>
제출 :fun 시스템 참가 및  철학과 이메일 (philosophy@ssu.ac.kr) 제출
문의: 철학과 사무실 (820-0370)"
philosophy,[특강] 2023-1 숭실철학특강 “인종주의에 대한 철학적 성찰”,N/A,2023-05-09,https://philo.ssu.ac.kr/%ed%95%99%ea%b3%bc%ec%82%ac%eb%ac%b4%ec%8b%a4%ec%95%8c%eb%a6%bc/%ea%b3%b5%ec%a7%80%ec%82%ac%ed%95%ad/?term_id&slug=3320,"2023년 1학기 숭실철학특강 안내드립니다.
특강 주제: 인종주의에 대한 철학적 성찰
강사: 오근창(서울대)
신청방법: FUN 시스템
일시: 2023.06.01(목) 18:00-20:00
장소: 진리관 522호"
philosophy,[학회] 2023 한국철학자 연합대회,N/A,2023-05-08,https://philo.ssu.ac.kr/%ed%95%99%ea%b3%bc%ec%82%ac%eb%ac%b4%ec%8b%a4%ec%95%8c%eb%a6%bc/%ea%b3%b5%ec%a7%80%ec%82%ac%ed%95%ad/?term_id&slug=3315,"2023 한국 철학자 연합대회 개최
주관: 한국철학회
일시: 2023. 05. 13 (토)
장소: 서울시립대학교 인문학관/미래관
공동주최: 대한철학회, 범한철학회, 서양근대철학회, 철학연구회, 한국기독교철학회, 한국논리학회, 한국니체학회, 한국동서철학회, 한국동양철학회, 한국분석철학회, 한국서양고전철학회, 한국아렌트학회, 한국양명학회, 한국여성철학회, 한국유교학회/동양철학연구회, 한국윤리학회, 한국의(醫)철학회, 한국인공지는윤리학회, 한국철학교육학회, 한국철학사상연구회, 한국포스트휴먼학회(경남대 교양교육연구소), 한국프랑스철학회, 한국하이데거학회, 한국해석학회, 한국환경철학회
학회별 발표 내용 등과 같은 기타 자세한 사항은 파일을 첨부하오니 참고 바랍니다."
philosophy,철학과 졸업요건,N/A,2021-04-06,https://philo.ssu.ac.kr/%ed%95%99%ea%b3%bc%ec%82%ac%eb%ac%b4%ec%8b%a4%ec%95%8c%eb%a6%bc/%ea%b3%b5%ec%a7%80%ec%82%ac%ed%95%ad/?term_id&slug=1487,"철학과 졸업요건 안내입니다.
첨부파일을 확인해주시길 바랍니다."
